id,pedido_id,item_numero,descripcion,cantidad,peso_total,espesor,material,unidad_cobro,precio_unitario,total_linea,origen_precio,detalles
237,37,1,Ducto Recto,2.0,14.957279999999999,0.5,Galvanizado,kg,160.0,2393.1648,Lista: Ducto Recto (Galv),
238,37,2,Ducto Recto,2.0,12.509279999999999,0.5,Galvanizado,kg,160.0,2001.4847999999997,Lista: Ducto Recto (Galv),
239,37,3,Ducto Recto,1.0,2.26884,0.5,Galvanizado,kg,160.0,363.0144,Lista: Ducto Recto (Galv),
240,37,4,Codo Transfor.,1.0,4.802990101156298,0.5,Galvanizado,kg,160.0,768.4784161850076,Lista: Codo Transfor. (Galv),
241,37,5,Zapato s/ Templador,1.0,0.24,0.5,Galvanizado,un,1320.0,1320.0,Lista: Zapato s/ Templador (Pieza Esp.),
242,37,6,Ducto Recto,1.0,5.4386399999999995,0.5,Galvanizado,kg,160.0,870.1823999999999,Lista: Ducto Recto (Galv),
243,38,1,Codo,6.0,19.754383781068423,0.5,Galvanizado,kg,160.0,3160.701404970948,Lista: Codo (Galv),
244,38,2,Ducto Recto,3.0,4.734719999999999,0.5,Galvanizado,kg,160.0,757.5551999999999,Lista: Ducto Recto (Galv),
245,39,1,Transformación,1.0,2.1033600000000003,0.5,Galvanizado,kg,160.0,336.53760000000005,Lista: Transformación (Galv),
246,39,2,Unión c/ Lona,1.0,1.33164,0.5,Galvanizado,un,2340.0,2340.0,Lista: Unión c/ Lona (Pieza Esp.),
247,39,3,Unión c/ Lona,1.0,3.0715199999999996,0.6,Galvanizado,un,2340.0,2340.0,Lista: Unión c/ Lona (Pieza Esp.),
248,39,4,Pleno,2.0,19.876492800000005,0.8,Galvanizado,un,12000.0,24000.0,Lista: Pleno (Pieza Esp.),
249,40,1,Ducto Recto,7.0,38.070479999999996,0.5,Galvanizado,kg,160.0,6091.2768,Lista: Ducto Recto (Galv),
250,40,2,Ducto Recto,16.0,80.49024,0.5,Galvanizado,kg,160.0,12878.4384,Lista: Ducto Recto (Galv),
251,40,3,Transformación,2.0,6.301920000000001,0.5,Galvanizado,kg,160.0,1008.3072000000002,Lista: Transformación (Galv),
252,40,4,Medio Codo,10.0,32.92397296844737,0.5,Galvanizado,kg,160.0,5267.83567495158,Lista: Medio Codo (Galv),
253,40,5,Transf. Red - Cuad,2.0,0.4395282462859311,0.5,Galvanizado,un,3524.0,7048.0,Lista: Transf. Red - Cuad (Pieza Esp.),
254,40,6,Ducto Recto,5.0,14.056199999999999,0.5,Galvanizado,kg,160.0,2248.9919999999997,Lista: Ducto Recto (Galv),
255,40,7,Ducto Recto,2.0,4.14288,0.5,Galvanizado,kg,160.0,662.8607999999999,Lista: Ducto Recto (Galv),
256,41,1,Transformación,1.0,6.940032000000001,0.6,Galvanizado,kg,160.0,1110.4051200000001,Lista: Transformación (Galv),
257,41,2,Transformación,1.0,4.171360000000001,0.5,Galvanizado,kg,160.0,667.4176000000001,Lista: Transformación (Galv),
258,41,3,Zapato s/ Templador,4.0,1.248,0.5,Galvanizado,un,1320.0,5280.0,Lista: Zapato s/ Templador (Pieza Esp.),
259,41,4,Codo Transfor.,1.0,4.802990101156298,0.5,Galvanizado,kg,160.0,768.4784161850076,Lista: Codo Transfor. (Galv),
260,41,5,Transf. Red - Cuad,4.0,1.086003594286437,0.5,Galvanizado,un,3524.0,14096.0,Lista: Transf. Red - Cuad (Pieza Esp.),
261,41,6,Ducto Recto,4.0,3.4124799999999995,0.5,Galvanizado,kg,160.0,545.9967999999999,Lista: Ducto Recto (Galv),
282,43,1,Transf. Red - Cuad,4.0,1.135971594286437,0.5,Galvanizado,un,3524.0,14096.0,Lista: Transf. Red - Cuad (Pieza Esp.),
283,43,2,Ducto Recto,5.0,37.3932,0.5,Galvanizado,kg,160.0,5982.912,Lista: Ducto Recto (Galv),
284,43,3,Transformación,1.0,3.9489600000000005,0.5,Galvanizado,kg,160.0,631.8336,Lista: Transformación (Galv),
285,43,4,Codo,1.0,4.027397242584902,0.5,Galvanizado,kg,160.0,644.3835588135844,Lista: Codo (Galv),
286,43,5,Ducto Recto,3.0,2.06352,0.5,Galvanizado,kg,160.0,330.1632,Lista: Ducto Recto (Galv),
287,43,6,Transf. Red - Cuad,1.0,1.9406181402393299,0.5,Galvanizado,un,3524.0,3524.0,Lista: Transf. Red - Cuad (Pieza Esp.),
288,43,7,Zapato s/ Templador,2.0,0.576,0.5,Galvanizado,un,1320.0,2640.0,Lista: Zapato s/ Templador (Pieza Esp.),
289,43,8,Codo,3.0,9.877191890534212,0.5,Galvanizado,kg,160.0,1580.350702485474,Lista: Codo (Galv),
290,43,9,Transf. Red - Cuad,2.0,3.53978828047866,0.5,Galvanizado,un,3524.0,7048.0,Lista: Transf. Red - Cuad (Pieza Esp.),
291,43,10,Ducto Recto,1.0,2.07144,0.5,Galvanizado,kg,160.0,331.43039999999996,Lista: Ducto Recto (Galv),
292,43,11,Ducto Recto,3.0,19.98792,0.5,Galvanizado,kg,160.0,3198.0672,Lista: Ducto Recto (Galv),
293,43,12,Ducto Recto,1.0,2.7434399999999997,0.5,Galvanizado,kg,160.0,438.95039999999995,Lista: Ducto Recto (Galv),
294,43,13,Transformación,1.0,3.7209600000000007,0.5,Galvanizado,kg,160.0,595.3536000000001,Lista: Transformación (Galv),
295,43,14,Ducto Recto,1.0,5.84664,0.5,Galvanizado,kg,160.0,935.4624,Lista: Ducto Recto (Galv),
296,43,15,Ducto Recto,1.0,3.8404399999999996,0.5,Galvanizado,kg,160.0,614.4703999999999,Lista: Ducto Recto (Galv),
297,43,16,Codo,1.0,4.027397242584902,0.5,Galvanizado,kg,160.0,644.3835588135844,Lista: Codo (Galv),
298,43,17,Ducto Recto,1.0,3.6684799999999997,0.5,Galvanizado,kg,160.0,586.9567999999999,Lista: Ducto Recto (Galv),
299,43,18,Transformación,1.0,1.8969600000000002,0.5,Galvanizado,kg,160.0,303.51360000000005,Lista: Transformación (Galv),
300,43,19,Ducto Recto,1.0,5.03064,0.5,Galvanizado,kg,160.0,804.9024,Lista: Ducto Recto (Galv),
301,43,20,Codo,2.0,6.584794593689474,0.5,Galvanizado,kg,160.0,1053.567134990316,Lista: Codo (Galv),
302,44,1,Ducto Recto,4.0,16.85856,0.5,Galvanizado,kg,160.0,2697.3696,Lista: Ducto Recto (Galv),
303,44,2,Ducto Recto,1.0,3.38824,0.5,Galvanizado,kg,160.0,542.1184000000001,Lista: Ducto Recto (Galv),
304,44,3,Medio Codo,2.0,4.386950516225463,0.5,Galvanizado,kg,160.0,701.912082596074,Lista: Medio Codo (Galv),
305,44,4,Ducto Recto,1.0,1.3222399999999999,0.5,Galvanizado,kg,160.0,211.55839999999998,Lista: Ducto Recto (Galv),
306,44,5,Ducto Recto,1.0,1.4462,0.5,Galvanizado,kg,160.0,231.392,Lista: Ducto Recto (Galv),
307,44,6,Codo,2.0,4.386950516225463,0.5,Galvanizado,kg,160.0,701.912082596074,Lista: Codo (Galv),
308,44,7,Ducto Recto,1.0,99.66384000000001,0.5,Galvanizado,kg,160.0,15946.2144,Lista: Ducto Recto (Galv),
309,44,8,Ducto Recto,1.0,62.475840000000005,0.5,Galvanizado,kg,160.0,9996.1344,Lista: Ducto Recto (Galv),
310,44,9,Transformación,1.0,2.06976,0.5,Galvanizado,kg,160.0,331.1616,Lista: Transformación (Galv),
311,44,10,Ducto Recto,2.0,10.06128,0.5,Galvanizado,kg,160.0,1609.8048,Lista: Ducto Recto (Galv),
312,44,11,Medio Codo,2.0,7.003254735147634,0.5,Galvanizado,kg,160.0,1120.5207576236214,Lista: Medio Codo (Galv),
313,44,12,Ducto Recto,1.0,4.29084,0.5,Galvanizado,kg,160.0,686.5344,Lista: Ducto Recto (Galv),
314,44,13,Ducto Recto,1.0,197.87184,0.5,Galvanizado,kg,160.0,31659.4944,Lista: Ducto Recto (Galv),
315,44,14,Codo,1.0,3.501627367573817,0.5,Galvanizado,kg,160.0,560.2603788118107,Lista: Codo (Galv),
316,44,15,Ducto Recto,1.0,3.8469599999999997,0.5,Galvanizado,kg,160.0,615.5136,Lista: Ducto Recto (Galv),
317,44,16,Transformación,1.0,3.2640000000000002,0.5,Galvanizado,kg,160.0,522.24,Lista: Transformación (Galv),
318,44,17,Ducto Recto,4.0,28.282559999999997,0.5,Galvanizado,kg,160.0,4525.209599999999,Lista: Ducto Recto (Galv),
319,44,18,Ducto Recto,1.0,2.7034799999999994,0.5,Galvanizado,kg,160.0,432.5567999999999,Lista: Ducto Recto (Galv),
320,44,19,Codo,1.0,4.5282821680327014,0.5,Galvanizado,kg,160.0,724.5251468852323,Lista: Codo (Galv),
321,44,20,Ducto Recto,1.0,4.36716,0.5,Galvanizado,kg,160.0,698.7456,Lista: Ducto Recto (Galv),
322,45,1,Codo,1.0,4.5282821680327014,0.5,Galvanizado,kg,160.0,724.5251468852323,Lista: Codo (Galv),
323,45,2,Codo,1.0,5.967131603376828,0.5,Galvanizado,kg,160.0,954.7410565402924,Lista: Codo (Galv),
324,45,3,Ducto Recto,1.0,5.3376399999999995,0.5,Galvanizado,kg,160.0,854.0224,Lista: Ducto Recto (Galv),
325,45,4,Codo,1.0,5.967131603376828,0.5,Galvanizado,kg,160.0,954.7410565402924,Lista: Codo (Galv),
326,45,5,Ducto Recto,3.0,21.21192,0.5,Galvanizado,kg,160.0,3393.9071999999996,Lista: Ducto Recto (Galv),
327,45,6,Ducto Recto,1.0,3.1193999999999997,0.5,Galvanizado,kg,160.0,499.1039999999999,Lista: Ducto Recto (Galv),
328,45,7,Transformación,1.0,3.964,0.5,Galvanizado,kg,160.0,634.24,Lista: Transformación (Galv),
329,45,8,Ducto Recto,1.0,8.29464,0.5,Galvanizado,kg,160.0,1327.1424,Lista: Ducto Recto (Galv),
330,45,9,Ducto Recto,2.0,7.77584,0.5,Galvanizado,kg,160.0,1244.1344,Lista: Ducto Recto (Galv),
331,45,10,Codo,2.0,10.539626181490961,0.5,Galvanizado,kg,160.0,1686.3401890385537,Lista: Codo (Galv),
332,45,11,Ducto Recto,1.0,3.3341199999999995,0.5,Galvanizado,kg,160.0,533.4591999999999,Lista: Ducto Recto (Galv),
333,45,12,Transformación,1.0,3.864,0.5,Galvanizado,kg,160.0,618.24,Lista: Transformación (Galv),
334,45,13,Ducto Recto,4.0,23.38656,0.5,Galvanizado,kg,160.0,3741.8496,Lista: Ducto Recto (Galv),
335,45,14,Ducto Recto,1.0,2.3501199999999995,0.5,Galvanizado,kg,160.0,376.01919999999996,Lista: Ducto Recto (Galv),
336,45,15,Codo,1.0,2.9685548546189975,0.5,Galvanizado,kg,160.0,474.9687767390396,Lista: Codo (Galv),
337,45,16,Ducto Recto,1.0,2.40744,0.5,Galvanizado,kg,160.0,385.19039999999995,Lista: Ducto Recto (Galv),
338,45,17,Codo,1.0,2.9685548546189975,0.5,Galvanizado,kg,160.0,474.9687767390396,Lista: Codo (Galv),
339,45,18,Transformación,1.0,6.676992,0.6,Galvanizado,kg,160.0,1068.31872,Lista: Transformación (Galv),
340,46,1,Unión c/ Lona,1.0,1.3,0.6,Galvanizado,un,2340.0,2340.0,Lista: Unión c/ Lona (Pieza Esp.),
341,46,2,Transformación,1.0,4.1568,0.6,Galvanizado,kg,160.0,665.088,Lista: Transformación (Galv),
342,46,3,Pleno,1.0,12.0,0.5,Galvanizado,un,12000.0,12000.0,Lista: Pleno (Pieza Esp.),
343,46,4,Unión c/ Lona,1.0,5.0,1.0,Galvanizado,un,2340.0,2340.0,Lista: Unión c/ Lona (Pieza Esp.),
344,46,5,Transformación,1.0,9.528,1.0,Galvanizado,kg,160.0,1524.48,Lista: Transformación (Galv),
345,46,6,Transformación,1.0,2.8640000000000003,0.5,Galvanizado,kg,160.0,458.24000000000007,Lista: Transformación (Galv),
346,46,7,Zapato c/ Templador,1.0,0.8976,0.5,Galvanizado,un,1320.0,1320.0,Lista: Zapato c/ Templador (Pieza Esp.),
347,46,8,Zapato s/ Templador,1.0,1.8,0.5,Galvanizado,un,1320.0,1320.0,Lista: Zapato s/ Templador (Pieza Esp.),
348,46,9,Tapa,1.0,0.3,0.5,Galvanizado,kg,160.0,48.0,Lista: Tapa (Galv),
349,46,10,S,1.0,3.396639999999999,0.5,Galvanizado,kg,160.0,543.4623999999999,Lista: S (Galv),
350,46,11,Unión c/ Lona,1.0,,0.6,Galvanizado,un,2340.0,2340.0,Lista: Unión c/ Lona (Pieza Esp.),
351,46,12,Ducto Recto,1.0,3.0305279999999994,0.6,Galvanizado,kg,160.0,484.88447999999994,Lista: Ducto Recto (Galv),
352,46,13,Transformación,1.0,4.0847999999999995,0.6,Galvanizado,kg,160.0,653.568,Lista: Transformación (Galv),
353,46,14,Ducto Recto,1.0,138.68784,0.5,Galvanizado,kg,160.0,22190.0544,Lista: Ducto Recto (Galv),
354,46,15,Zapato c/ Templador,2.0,1.7952,0.5,Galvanizado,un,1320.0,2640.0,Lista: Zapato c/ Templador (Pieza Esp.),
355,46,16,Transf. Red - Cuad,2.0,2.7227341302874484,0.5,Galvanizado,un,3524.0,7048.0,Lista: Transf. Red - Cuad (Pieza Esp.),
356,46,17,Unión c/ Lona,1.0,3.0,0.6,Galvanizado,un,2340.0,2340.0,Lista: Unión c/ Lona (Pieza Esp.),
357,46,18,Transformación,1.0,4.0847999999999995,0.6,Galvanizado,kg,160.0,653.568,Lista: Transformación (Galv),
358,46,19,Codo,2.0,6.584794593689474,0.5,Galvanizado,kg,160.0,1053.567134990316,Lista: Codo (Galv),
359,46,20,Ducto Recto,1.0,1.5782399999999999,0.5,Galvanizado,kg,160.0,252.51839999999999,Lista: Ducto Recto (Galv),
360,47,1,Medio Codo,2.0,5.549569910984863,0.5,Galvanizado,kg,160.0,887.9311857575781,Lista: Medio Codo (Galv),
361,47,2,Medio Codo,2.0,5.937109709237995,0.5,Galvanizado,kg,160.0,949.9375534780792,Lista: Medio Codo (Galv),
362,47,3,Transf. Red - Cuad,1.0,,0.5,Galvanizado,un,3524.0,3524.0,Lista: Transf. Red - Cuad (Pieza Esp.),
363,47,4,Codo,1.0,3.9894503390763894,0.5,Galvanizado,kg,160.0,638.3120542522223,Lista: Codo (Galv),
364,47,5,Ducto Recto,1.0,1.8661999999999996,0.5,Galvanizado,kg,160.0,298.5919999999999,Lista: Ducto Recto (Galv),
365,47,6,Medio Codo,2.0,4.174849910984862,0.5,Galvanizado,kg,160.0,667.9759857575779,Lista: Medio Codo (Galv),
366,47,7,Ducto Recto,1.0,3.1992,0.5,Galvanizado,kg,160.0,511.87199999999996,Lista: Ducto Recto (Galv),
367,47,8,Ducto Recto,1.0,5.4386399999999995,0.5,Galvanizado,kg,160.0,870.1823999999999,Lista: Ducto Recto (Galv),
368,47,9,Ducto Recto,1.0,3.5724399999999994,0.5,Galvanizado,kg,160.0,571.5903999999999,Lista: Ducto Recto (Galv),
369,47,10,Zapato s/ Templador,1.0,,0.5,Galvanizado,un,1320.0,1320.0,Lista: Zapato s/ Templador (Pieza Esp.),
370,47,11,Ducto Recto,1.0,9.217824,0.6,Galvanizado,kg,160.0,1474.85184,Lista: Ducto Recto (Galv),
371,47,12,Unión c/ Lona,1.0,,0.6,Galvanizado,un,2340.0,2340.0,Lista: Unión c/ Lona (Pieza Esp.),
372,47,13,Ducto Recto,1.0,2.3548319999999996,0.6,Galvanizado,kg,160.0,376.77311999999995,Lista: Ducto Recto (Galv),
373,47,14,Ducto Recto,1.0,2.7643679999999997,0.6,Galvanizado,kg,160.0,442.29887999999994,Lista: Ducto Recto (Galv),
374,47,15,Ducto Recto,1.0,4.0953599999999994,0.6,Galvanizado,kg,160.0,655.2575999999999,Lista: Ducto Recto (Galv),
375,47,16,Zapato s/ Templador,1.0,,0.6,Galvanizado,un,1320.0,1320.0,Lista: Zapato s/ Templador (Pieza Esp.),
376,47,17,Zapato c/ Templador,3.0,3.1968000000000005,0.5,Galvanizado,un,1320.0,3960.0,Lista: Zapato c/ Templador (Pieza Esp.),
377,47,18,Codo,1.0,3.501627367573817,0.5,Galvanizado,kg,160.0,560.2603788118107,Lista: Codo (Galv),
378,48,1,Transformación,1.0,,0.5,Galvanizado,kg,160.0,,Lista: Transformación (Galv),
379,48,2,Ducto Recto,1.0,5.4386399999999995,0.5,Galvanizado,kg,160.0,870.1823999999999,Lista: Ducto Recto (Galv),
380,48,3,Ducto Recto,1.0,3.5191199999999996,0.5,Galvanizado,kg,160.0,563.0591999999999,Lista: Ducto Recto (Galv),
381,48,4,Ducto Recto,1.0,1.9195199999999997,0.5,Galvanizado,kg,160.0,307.12319999999994,Lista: Ducto Recto (Galv),
382,48,5,Ducto Recto,1.0,2.55936,0.5,Galvanizado,kg,160.0,409.4976,Lista: Ducto Recto (Galv),
383,48,6,Ducto Recto,1.0,5.03064,0.5,Galvanizado,kg,160.0,804.9024,Lista: Ducto Recto (Galv),
384,48,7,Zapato s/ Templador,1.0,,0.5,Galvanizado,un,1320.0,1320.0,Lista: Zapato s/ Templador (Pieza Esp.),
385,48,8,Codo,1.0,3.292397296844737,0.5,Galvanizado,kg,160.0,526.783567495158,Lista: Codo (Galv),
386,48,9,Codo,1.0,2.1934752581127315,0.5,Galvanizado,kg,160.0,350.956041298037,Lista: Codo (Galv),
387,48,10,Ducto Recto,1.0,1.133,0.5,Galvanizado,kg,160.0,181.28,Lista: Ducto Recto (Galv),
388,48,11,Transformación,1.0,3.1334400000000002,0.5,Galvanizado,kg,160.0,501.35040000000004,Lista: Transformación (Galv),
389,48,12,Ducto Recto,2.0,3.5080799999999996,0.5,Galvanizado,kg,160.0,561.2927999999999,Lista: Ducto Recto (Galv),
390,48,13,Ducto Recto,1.0,3.02292,0.5,Galvanizado,kg,160.0,483.6672,Lista: Ducto Recto (Galv),
391,48,14,Ducto Recto,1.0,2.27652,0.5,Galvanizado,kg,160.0,364.2432,Lista: Ducto Recto (Galv),
392,48,15,Codo,1.0,1.8375991780609318,0.5,Galvanizado,kg,160.0,294.0158684897491,Lista: Codo (Galv),
393,48,16,Ducto Recto,1.0,1.26888,0.5,Galvanizado,kg,160.0,203.0208,Lista: Ducto Recto (Galv),
394,49,1,Ducto c/ Aleta,1.0,1.0483712,0.5,Galvanizado,un,840.0,840.0,Lista: Ducto c/ Aleta (Pieza Esp.),
395,49,2,Ducto Recto,8.0,43.509119999999996,0.5,Galvanizado,kg,160.0,6961.459199999999,Lista: Ducto Recto (Galv),
396,49,3,Ducto Recto,1.0,3.03924,0.5,Galvanizado,kg,160.0,486.2784,Lista: Ducto Recto (Galv),
397,49,4,Ducto Recto,1.0,3.3058399999999994,0.5,Galvanizado,kg,160.0,528.9343999999999,Lista: Ducto Recto (Galv),
398,49,5,Ducto Recto,1.0,1.8661999999999996,0.5,Galvanizado,kg,160.0,298.5919999999999,Lista: Ducto Recto (Galv),
399,49,6,Ducto Recto,1.0,3.5724399999999994,0.5,Galvanizado,kg,160.0,571.5903999999999,Lista: Ducto Recto (Galv),
400,49,7,Ducto Recto,1.0,4.638839999999999,0.5,Galvanizado,kg,160.0,742.2143999999998,Lista: Ducto Recto (Galv),
401,49,8,Ducto c/ Aleta,1.0,1.0627676,0.5,Galvanizado,un,840.0,840.0,Lista: Ducto c/ Aleta (Pieza Esp.),
402,49,9,Ducto Recto,1.0,4.798799999999999,0.5,Galvanizado,kg,160.0,767.8079999999999,Lista: Ducto Recto (Galv),
403,49,10,Zapato s/ Templador,1.0,1.6690250501237054,0.5,Galvanizado,un,1320.0,1320.0,Lista: Zapato s/ Templador (Pieza Esp.),
404,49,11,Ducto Recto,1.0,1.52884,0.5,Galvanizado,kg,160.0,244.6144,Lista: Ducto Recto (Galv),
405,49,12,Transf. Red - Cuad,1.0,1.6771784397631995,0.5,Galvanizado,un,3524.0,3524.0,Lista: Transf. Red - Cuad (Pieza Esp.),
406,49,13,Ducto Recto,2.0,10.06128,0.5,Galvanizado,kg,160.0,1609.8048,Lista: Ducto Recto (Galv),
407,49,14,Zapato s/ Templador,4.0,2.112,0.5,Galvanizado,un,1320.0,5280.0,Lista: Zapato s/ Templador (Pieza Esp.),
408,49,15,Unión c/ Lona,1.0,1.4221199999999998,0.5,Galvanizado,un,2340.0,2340.0,Lista: Unión c/ Lona (Pieza Esp.),
409,49,16,Transformación,1.0,3.1240000000000006,0.5,Galvanizado,kg,160.0,499.8400000000001,Lista: Transformación (Galv),
410,49,17,Tapa,1.0,0.35,0.5,Galvanizado,kg,160.0,56.0,Lista: Tapa (Galv),
411,50,1,Ducto Recto,1.0,4.77792,0.5,Galvanizado,kg,160.0,764.4672,Lista: Ducto Recto (Galv),
412,50,2,Unión c/ Lona,1.0,1.7917199999999998,0.5,Galvanizado,un,2340.0,2340.0,Lista: Unión c/ Lona (Pieza Esp.),
413,50,3,Zapato s/ Templador,1.0,2.598162135113553,0.5,Galvanizado,un,1320.0,1320.0,Lista: Zapato s/ Templador (Pieza Esp.),
414,50,4,Ducto Recto,1.0,1.733,0.5,Galvanizado,kg,160.0,277.28000000000003,Lista: Ducto Recto (Galv),
415,50,5,Medio Codo,2.0,9.056564336065403,0.5,Galvanizado,kg,160.0,1449.0502937704646,Lista: Medio Codo (Galv),
416,50,6,Zapato s/ Templador,2.0,4.651187185237258,0.5,Galvanizado,un,1320.0,2640.0,Lista: Zapato s/ Templador (Pieza Esp.),
417,50,7,Ducto Recto,1.0,4.04712,0.5,Galvanizado,kg,160.0,647.5391999999999,Lista: Ducto Recto (Galv),
418,50,8,S,1.0,2.8112399999999997,0.5,Galvanizado,kg,160.0,449.79839999999996,Lista: S (Galv),
419,50,9,Zapato s/ Templador,2.0,2.858050100247411,0.5,Galvanizado,un,1320.0,2640.0,Lista: Zapato s/ Templador (Pieza Esp.),
420,51,1,Ducto Recto,1.0,7.070639999999999,0.5,Galvanizado,kg,160.0,1131.3023999999998,Lista: Ducto Recto (Galv),
421,51,2,Ducto Recto,1.0,2.7034799999999994,0.5,Galvanizado,kg,160.0,432.5567999999999,Lista: Ducto Recto (Galv),
422,51,3,Ducto Recto,1.0,4.4364799999999995,0.5,Galvanizado,kg,160.0,709.8367999999999,Lista: Ducto Recto (Galv),
423,51,4,Transformación,1.0,2.504,0.5,Galvanizado,kg,160.0,400.64,Lista: Transformación (Galv),
424,51,5,Ducto Recto,1.0,1.3183599999999998,0.5,Galvanizado,kg,160.0,210.93759999999997,Lista: Ducto Recto (Galv),
425,51,6,Unión c/ Lona,1.0,1.03572,0.5,Galvanizado,un,2340.0,2340.0,Lista: Unión c/ Lona (Pieza Esp.),
426,51,7,Codo,1.0,1.8375991780609318,0.5,Galvanizado,kg,160.0,294.0158684897491,Lista: Codo (Galv),
427,51,8,Ducto Recto,1.0,3.6573599999999997,0.5,Galvanizado,kg,160.0,585.1776,Lista: Ducto Recto (Galv),
428,51,9,Codo,1.0,1.999705358986165,0.5,Galvanizado,kg,160.0,319.9528574377864,Lista: Codo (Galv),
429,51,10,Ducto Recto,2.0,7.6132800000000005,0.5,Galvanizado,kg,160.0,1218.1248,Lista: Ducto Recto (Galv),
430,51,11,Ducto Recto,1.0,0.82104,0.5,Galvanizado,kg,160.0,131.3664,Lista: Ducto Recto (Galv),
431,51,12,Medio Codo,2.0,3.6751983561218635,0.5,Galvanizado,kg,160.0,588.0317369794982,Lista: Medio Codo (Galv),
432,51,13,Ducto Recto,1.0,1.8286799999999999,0.5,Galvanizado,kg,160.0,292.5888,Lista: Ducto Recto (Galv),
433,51,14,Ducto Recto,1.0,2.1272399999999996,0.5,Galvanizado,kg,160.0,340.35839999999996,Lista: Ducto Recto (Galv),
434,51,15,Ducto Recto,1.0,4.21464,0.5,Galvanizado,kg,160.0,674.3424,Lista: Ducto Recto (Galv),
435,51,16,codo,1.0,2.7980433483695517,0.5,Galvanizado,kg,160.0,447.6869357391283,Lista: Codo (Galv),
436,51,17,Medio Codo,2.0,5.1620301127317285,0.5,Galvanizado,kg,160.0,825.9248180370765,Lista: Medio Codo (Galv),
437,51,18,Codo,1.0,3.501627367573817,0.5,Galvanizado,kg,160.0,560.2603788118107,Lista: Codo (Galv),
438,51,19,Ducto Recto,1.0,4.53744,0.5,Galvanizado,kg,160.0,725.9904,Lista: Ducto Recto (Galv),
439,52,1,Ducto Recto,1.0,0.43315999999999993,0.5,Galvanizado,kg,160.0,69.30559999999998,Lista: Ducto Recto (Galv),
440,52,2,Ducto Recto,1.0,1.7326399999999997,0.5,Galvanizado,kg,160.0,277.22239999999994,Lista: Ducto Recto (Galv),
441,52,3,Codo,1.0,1.3240172422023144,0.5,Galvanizado,kg,160.0,211.84275875237032,Lista: Codo (Galv),
442,52,4,Ducto Recto,1.0,0.93296,0.5,Galvanizado,kg,160.0,149.2736,Lista: Ducto Recto (Galv),
443,52,5,Ducto Recto,1.0,0.89964,0.5,Galvanizado,kg,160.0,143.9424,Lista: Ducto Recto (Galv),
444,52,6,Ducto Recto,1.0,7.763839999999999,0.5,Galvanizado,kg,160.0,1242.2143999999998,Lista: Ducto Recto (Galv),
447,54,1,Ducto Recto,3.0,15.09192,0.5,Galvanizado,kg,160.0,2414.7072,Lista: Ducto Recto (Galv),
448,54,2,Ducto Recto,1.0,4.34016,0.5,Galvanizado,kg,160.0,694.4256,Lista: Ducto Recto (Galv),
449,55,1,Ducto Recto,7.0,35.21448,0.5,Galvanizado,kg,160.0,5634.3168000000005,Lista: Ducto Recto (Galv),
450,56,1,Pieza especial,1.0,5.0,0.8,Galvanizado,1,160.0,0.0,Manual,
451,56,2,Pieza especial,1.0,5.0,0.8,Galvanizado,1,160.0,0.0,Manual,
452,56,3,Pieza especial,2.0,5.0,0.5,Galvanizado,1,160.0,0.0,Manual,
453,56,4,Pieza especial,2.0,5.0,0.5,Galvanizado,1,160.0,0.0,Manual,
464,61,1,Transf. Red - Cuad,2.0,3.0525229302874486,0.5,Galvanizado,un,3524.0,7048.0,Lista: Transf. Red - Cuad (Pieza Esp.),
465,61,2,S,1.0,3.8514399999999993,0.5,Galvanizado,kg,160.0,616.2303999999999,Lista: S (Galv),
466,61,3,S,1.0,2.88204,0.5,Galvanizado,kg,160.0,461.1264,Lista: S (Galv),
467,61,4,Pleno,1.0,5.6595840000000015,0.5,Galvanizado,un,12000.0,12000.0,Lista: Pleno (Pieza Esp.),
468,62,1,Transf. Red - Cuad,1.0,0.9832095470482453,0.5,Galvanizado,un,3524.0,3524.0,Lista: Transf. Red - Cuad (Pieza Esp.),
469,63,1,Unión c/ Lona,1.0,1.46952,0.5,Galvanizado,un,2340.0,2340.0,Lista: Unión c/ Lona (Pieza Esp.),
470,63,2,Transformación,1.0,2.9577600000000004,0.5,Galvanizado,kg,160.0,473.24160000000006,Lista: Transformación (Galv),
471,63,3,Unión c/ Lona,1.0,2.3036399999999997,0.5,Galvanizado,un,2340.0,2340.0,Lista: Unión c/ Lona (Pieza Esp.),
472,64,1,Unión c/ Lona,1.0,0.0198,0.5,Galvanizado,un,2340.0,2340.0,Lista: Unión c/ Lona (Pieza Esp.),
473,64,2,Transf. Red - Cuad,2.0,3.112484530287449,0.5,Galvanizado,un,3524.0,7048.0,Lista: Transf. Red - Cuad (Pieza Esp.),
474,64,3,Unión c/ Lona,1.0,0.0198,0.5,Galvanizado,un,2340.0,2340.0,Lista: Unión c/ Lona (Pieza Esp.),
475,64,4,Ducto Cilindrico,1.0,0.45214297150257104,0.5,Galvanizado,kg,216.0,97.66288184455534,Lista: Ducto Cilindrico (Galv),
476,64,5,Medio Codo,1.0,0.08874370927860446,0.5,Galvanizado,kg,160.0,14.198993484576715,Lista: Medio Codo (Galv),
477,64,6,Medio Codo,1.0,0.08874370927860446,0.5,Galvanizado,kg,160.0,14.198993484576715,Lista: Medio Codo (Galv),
478,64,7,Ducto Cilindrico,3.0,8.719900164692442,0.5,Galvanizado,kg,216.0,1883.4984355735673,Lista: Ducto Cilindrico (Galv),
479,64,8,Codo,3.0,0.2662311278358134,0.5,Galvanizado,kg,160.0,42.59698045373014,Lista: Codo (Galv),
480,64,9,S,1.0,3.0952799999999994,0.5,Galvanizado,kg,160.0,495.2447999999999,Lista: S (Galv),
481,64,10,Ducto Recto,1.0,4.21464,0.5,Galvanizado,kg,160.0,674.3424,Lista: Ducto Recto (Galv),
482,64,11,Ducto Recto,1.0,2.1899599999999997,0.5,Galvanizado,kg,160.0,350.39359999999994,Lista: Ducto Recto (Galv),
483,64,12,Ducto Recto,1.0,1.19828,0.5,Galvanizado,kg,160.0,191.72480000000002,Lista: Ducto Recto (Galv),
484,64,13,Zapato s/ Templador,1.0,2.5032992201034006,0.5,Galvanizado,un,1320.0,1320.0,Lista: Zapato s/ Templador (Pieza Esp.),
485,64,14,Transformación,1.0,3.1509600000000004,0.5,Galvanizado,kg,160.0,504.1536000000001,Lista: Transformación (Galv),
486,65,1,Ducto Recto,3.0,11.531880000000001,0.5,Galvanizado,kg,160.0,1845.1008000000002,Lista: Ducto Recto (Galv),
487,65,2,Ducto Recto,8.0,27.455679999999997,0.5,Galvanizado,kg,160.0,4392.908799999999,Lista: Ducto Recto (Galv),
488,65,3,Ducto Recto,3.0,9.05988,0.5,Galvanizado,kg,160.0,1449.5808,Lista: Ducto Recto (Galv),
489,65,4,Ducto Recto,3.0,7.823880000000001,0.5,Galvanizado,kg,160.0,1251.8208000000002,Lista: Ducto Recto (Galv),
490,65,5,Ducto Recto,20.0,52.159200000000006,0.5,Galvanizado,kg,160.0,8345.472000000002,Lista: Ducto Recto (Galv),
491,65,6,Zapato c/ Templador,8.0,4.055991037210709,0.5,Galvanizado,un,1320.0,10560.0,Lista: Zapato c/ Templador (Pieza Esp.),
492,65,7,Codo,1.0,1.0398933704850795,0.5,Galvanizado,kg,160.0,166.3829392776127,Lista: Codo (Galv),
493,65,8,Tapa,9.0,0.72,0.5,Galvanizado,kg,160.0,115.19999999999999,Lista: Tapa (Galv),
494,65,9,Codo,1.0,2.179346374131959,0.5,Galvanizado,kg,160.0,348.69541986111346,Lista: Codo (Galv),
495,65,10,Medio Codo,8.0,9.420952196360242,0.5,Galvanizado,kg,160.0,1507.3523514176386,Lista: Medio Codo (Galv),
496,66,1,Ducto Recto,8.0,37.34368,0.5,Galvanizado,kg,160.0,5974.9888,Lista: Ducto Recto (Galv),
497,66,2,Ducto Recto,2.0,7.68792,0.5,Galvanizado,kg,160.0,1230.0672,Lista: Ducto Recto (Galv),
498,66,3,Ducto Recto,3.0,9.05988,0.5,Galvanizado,kg,160.0,1449.5808,Lista: Ducto Recto (Galv),
499,66,4,Ducto Recto,5.0,13.039800000000001,0.5,Galvanizado,kg,160.0,2086.3680000000004,Lista: Ducto Recto (Galv),
500,66,5,Cuello Normal,1.0,1.3039800000000001,0.5,Galvanizado,kg,160.0,208.63680000000002,Lista: Cuello Normal (Galv),
501,66,6,Codo,1.0,2.795222430068276,0.5,Galvanizado,kg,160.0,447.2355888109241,Lista: Codo (Galv),
502,66,7,Codo,1.0,0.9249110793636932,0.5,Galvanizado,kg,160.0,147.9857726981909,Lista: Codo (Galv),
503,66,8,Zapato c/ Templador,5.0,2.785822825381439,0.5,Galvanizado,un,1320.0,6600.0,Lista: Zapato c/ Templador (Pieza Esp.),
504,66,9,Transformación,1.0,2.33192,0.5,Galvanizado,kg,160.0,373.10720000000003,Lista: Transformación (Galv),
505,66,10,Transformación,1.0,1.97584,0.5,Galvanizado,kg,160.0,316.1344,Lista: Transformación (Galv),
506,66,11,Transformación,1.0,1.6578400000000004,0.5,Galvanizado,kg,160.0,265.2544000000001,Lista: Transformación (Galv),
511,68,1,Medio Codo,2.0,5.590444860136552,0.5,Galvanizado,kg,160.0,894.4711776218483,Lista: Medio Codo (Galv),
512,68,2,Transformación,1.0,1.8698400000000002,0.5,Galvanizado,kg,160.0,299.17440000000005,Lista: Transformación (Galv),
513,68,3,Transformación,1.0,2.08184,0.5,Galvanizado,kg,160.0,333.0944,Lista: Transformación (Galv),
514,68,4,Transformación,1.0,1.6578400000000004,0.5,Galvanizado,kg,160.0,265.2544000000001,Lista: Transformación (Galv),
515,69,1,Ducto Recto,15.0,143.3376,0.5,Galvanizado,kg,160.0,22934.016000000003,Lista: Ducto Recto (Galv),
516,69,2,Medio Codo,4.0,29.07999506274471,0.5,Galvanizado,kg,160.0,4652.799210039154,Lista: Medio Codo (Galv),
517,69,3,Medio Codo,1.0,6.919397025545557,0.5,Galvanizado,kg,160.0,1107.103524087289,Lista: Medio Codo (Galv),
518,69,4,Vicera c/ Malla,1.0,3.5571523804664977,0.5,Galvanizado,un,2880.0,2880.0,Lista: Vicera c/ Malla (Pieza Esp.),
519,70,1,Codo,1.0,0.8099287882423067,0.5,Galvanizado,kg,160.0,129.58860611876906,Lista: Codo (Galv),
520,70,2,Codo,1.0,1.0398933704850795,0.5,Galvanizado,kg,160.0,166.3829392776127,Lista: Codo (Galv),
521,70,3,Ducto Recto,1.0,2.6079600000000003,0.5,Galvanizado,kg,160.0,417.27360000000004,Lista: Ducto Recto (Galv),
522,70,4,tapa,1.0,0.08,0.5,Galvanizado,kg,160.0,12.8,Lista: Tapa (Galv),
523,70,5,Codo Transfor.,1.0,1.0398933704850795,0.5,Galvanizado,kg,160.0,166.3829392776127,Lista: Codo Transfor. (Galv),
524,71,1,Ducto Recto,1.0,19.3584,0.6,Galvanizado,kg,160.0,3097.344,Lista: Ducto Recto (Galv),
525,72,1,Codo,1.0,1.181955306343697,0.5,Galvanizado,kg,160.0,189.11284901499153,Lista: Codo (Galv),
526,72,2,Ducto Recto,1.0,2.72676,0.5,Galvanizado,kg,160.0,436.2816,Lista: Ducto Recto (Galv),
527,72,3,Transformación,1.0,1.6578400000000002,0.5,Galvanizado,kg,160.0,265.25440000000003,Lista: Transformación (Galv),
528,72,4,Ducto Recto,4.0,0.30384,0.5,Galvanizado,kg,160.0,48.6144,Lista: Ducto Recto (Galv),
529,72,5,Tapa,3.0,0.24,0.5,Galvanizado,kg,160.0,38.4,Lista: Tapa (Galv),
530,72,6,Codo,1.0,1.0398933704850795,0.5,Galvanizado,kg,160.0,166.3829392776127,Lista: Codo (Galv),
531,72,7,Ducto Recto,1.0,0.6664,0.5,Galvanizado,kg,160.0,106.624,Lista: Ducto Recto (Galv),
532,72,8,Ducto Recto,3.0,1.7592,0.5,Galvanizado,kg,160.0,281.47200000000004,Lista: Ducto Recto (Galv),
533,72,9,Ducto Recto,2.0,0.15192,0.5,Galvanizado,kg,160.0,24.3072,Lista: Ducto Recto (Galv),
534,72,10,Ducto Cilindrico,1.0,0.26892741228718353,0.5,Galvanizado,kg,216.0,58.088321054031645,Lista: Ducto Cilindrico (Galv),
535,73,1,Vicera c/ Malla,1.0,0.8930822509939086,0.5,Galvanizado,un,2880.0,2880.0,Lista: Vicera c/ Malla (Pieza Esp.),
536,74,1,Cuello Normal,1.0,2.2951799999999998,0.5,Galvanizado,kg,160.0,367.2288,Lista: Cuello Normal (Galv),
537,74,2,Transf. Red - Cuad,1.0,1.547980583239203,0.5,Galvanizado,un,3524.0,3524.0,Lista: Transf. Red - Cuad (Pieza Esp.),
538,74,3,Unión c/ Lona,2.0,0.0396,0.5,Galvanizado,un,2340.0,4680.0,Lista: Unión c/ Lona (Pieza Esp.),
539,74,4,Ducto Recto,3.0,14.003879999999999,0.5,Galvanizado,kg,160.0,2240.6207999999997,Lista: Ducto Recto (Galv),
540,74,5,Transformación,1.0,2.5792,0.5,Galvanizado,kg,160.0,412.672,Lista: Transformación (Galv),
541,74,6,Transformación,1.0,3.0636000000000005,0.5,Galvanizado,kg,160.0,490.1760000000001,Lista: Transformación (Galv),
542,74,7,Collarín,2.0,0.6459185307179587,0.5,Galvanizado,un,504.0,1008.0,Lista: Collarín (Pieza Esp.),
564,77,1,codo,4.0,16.791260937519347,0.5,Galvanizado,kg,160.0,2686.6017500030957,Lista: Codo (Galv),
565,77,2,Ducto Recto,6.0,35.423759999999994,0.5,Galvanizado,kg,160.0,5667.801599999999,Lista: Ducto Recto (Galv),
566,77,3,Transformación,2.0,3.7804800000000003,0.5,Galvanizado,kg,160.0,604.8768,Lista: Transformación (Galv),
567,77,4,Ducto Recto,12.0,36.23952,0.5,Galvanizado,kg,160.0,5798.3232,Lista: Ducto Recto (Galv),
568,77,5,Zapato c/ Templador,7.0,4.073751955534014,0.5,Galvanizado,un,1320.0,9240.0,Lista: Zapato c/ Templador (Pieza Esp.),
569,77,6,codo,1.0,4.201709041396862,0.5,Galvanizado,kg,160.0,672.2734466234979,Lista: Codo (Galv),
570,77,7,Ducto Recto,1.0,6.7279599999999995,0.5,Galvanizado,kg,160.0,1076.4735999999998,Lista: Ducto Recto (Galv),
571,77,8,codo,3.0,11.096605119220255,0.5,Galvanizado,kg,160.0,1775.456819075241,Lista: Codo (Galv),
572,77,9,Ducto Recto,1.0,6.315959999999999,0.5,Galvanizado,kg,160.0,1010.5535999999997,Lista: Ducto Recto (Galv),
573,77,10,Ducto Recto,1.0,5.491959999999999,0.5,Galvanizado,kg,160.0,878.7135999999998,Lista: Ducto Recto (Galv),
574,77,11,Transformación,1.0,1.56024,0.5,Galvanizado,kg,160.0,249.63840000000002,Lista: Transformación (Galv),
575,77,12,Ducto Recto,4.0,13.727839999999999,0.5,Galvanizado,kg,160.0,2196.4543999999996,Lista: Ducto Recto (Galv),
576,77,13,codo,4.0,5.296068968809258,0.5,Galvanizado,kg,160.0,847.3710350094813,Lista: Codo (Galv),
577,77,14,Ducto Recto,2.0,4.391920000000001,0.5,Galvanizado,kg,160.0,702.7072000000001,Lista: Ducto Recto (Galv),
578,77,15,S,1.0,1.12996,0.5,Galvanizado,kg,160.0,180.79360000000003,Lista: S (Galv),
579,77,16,Zapato c/ Templador,1.0,0.42019887965133856,0.5,Galvanizado,un,1320.0,1320.0,Lista: Zapato c/ Templador (Pieza Esp.),
580,77,17,Zapato c/ Templador,1.0,1.4290273067760848,0.5,Galvanizado,un,1320.0,1320.0,Lista: Zapato c/ Templador (Pieza Esp.),
581,77,18,S,2.0,1.9351200000000002,0.5,Galvanizado,kg,160.0,309.61920000000003,Lista: S (Galv),
582,77,19,Codo,1.0,1.181955306343697,0.5,Galvanizado,kg,160.0,189.11284901499153,Lista: Codo (Galv),
583,77,20,codo,2.0,13.69309905770837,0.5,Galvanizado,kg,160.0,2190.895849233339,Lista: Codo (Galv),
584,78,1,S,1.0,2.61396,0.5,Galvanizado,kg,160.0,418.2336,Lista: S (Galv),
585,78,2,Ducto recto,2.0,10.15992,0.5,Galvanizado,kg,160.0,1625.5872,Lista: Ducto Recto (Galv),
586,78,3,Codo,1.0,3.4405675090319776,0.5,Galvanizado,kg,160.0,550.4908014451164,Lista: Codo (Galv),
587,78,4,Ducto Recto,12.0,18.64296,0.5,Galvanizado,kg,160.0,2982.8736,Lista: Ducto Recto (Galv),
588,78,5,Ducto recto,2.0,10.15992,0.5,Galvanizado,kg,160.0,1625.5872,Lista: Ducto Recto (Galv),
589,78,6,Ducto Recto,12.0,36.23952,0.5,Galvanizado,kg,160.0,5798.3232,Lista: Ducto Recto (Galv),
590,78,7,Ducto Recto,2.0,4.391920000000001,0.5,Galvanizado,kg,160.0,702.7072000000001,Lista: Ducto Recto (Galv),
591,78,8,S,1.0,1.5539599999999998,0.5,Galvanizado,kg,160.0,248.63359999999997,Lista: S (Galv),
592,79,1,codo,4.0,16.791260937519347,0.5,Galvanizado,kg,160.0,2686.6017500030957,Lista: Codo (Galv),
593,79,2,Ducto Recto,6.0,35.423759999999994,0.5,Galvanizado,kg,160.0,5667.801599999999,Lista: Ducto Recto (Galv),
594,79,3,Transformación,2.0,3.7804800000000003,0.5,Galvanizado,kg,160.0,604.8768,Lista: Transformación (Galv),
595,79,4,Ducto Recto,12.0,36.23952,0.5,Galvanizado,kg,160.0,5798.3232,Lista: Ducto Recto (Galv),
596,79,5,Zapato c/ Templador,7.0,4.073751955534014,0.5,Galvanizado,un,1320.0,9240.0,Lista: Zapato c/ Templador (Pieza Esp.),
597,79,6,codo,1.0,4.201709041396862,0.5,Galvanizado,kg,160.0,672.2734466234979,Lista: Codo (Galv),
598,79,7,Ducto Recto,1.0,6.7279599999999995,0.5,Galvanizado,kg,160.0,1076.4735999999998,Lista: Ducto Recto (Galv),
599,79,8,codo,3.0,11.096605119220255,0.5,Galvanizado,kg,160.0,1775.456819075241,Lista: Codo (Galv),
600,79,9,Ducto Recto,1.0,6.315959999999999,0.5,Galvanizado,kg,160.0,1010.5535999999997,Lista: Ducto Recto (Galv),
601,79,10,Ducto Recto,1.0,5.491959999999999,0.5,Galvanizado,kg,160.0,878.7135999999998,Lista: Ducto Recto (Galv),
602,79,11,Transformación,1.0,1.56024,0.5,Galvanizado,kg,160.0,249.63840000000002,Lista: Transformación (Galv),
603,79,12,Ducto Recto,4.0,13.727839999999999,0.5,Galvanizado,kg,160.0,2196.4543999999996,Lista: Ducto Recto (Galv),
604,79,13,codo,4.0,5.296068968809258,0.5,Galvanizado,kg,160.0,847.3710350094813,Lista: Codo (Galv),
605,79,14,Ducto Recto,2.0,4.391920000000001,0.5,Galvanizado,kg,160.0,702.7072000000001,Lista: Ducto Recto (Galv),
606,79,15,S,1.0,1.12996,0.5,Galvanizado,kg,160.0,180.79360000000003,Lista: S (Galv),
607,79,16,Zapato c/ Templador,1.0,0.42019887965133856,0.5,Galvanizado,un,1320.0,1320.0,Lista: Zapato c/ Templador (Pieza Esp.),
608,79,17,Zapato c/ Templador,1.0,1.4290273067760848,0.5,Galvanizado,un,1320.0,1320.0,Lista: Zapato c/ Templador (Pieza Esp.),
609,79,18,S,2.0,1.9351200000000002,0.5,Galvanizado,kg,160.0,309.61920000000003,Lista: S (Galv),
610,79,19,Codo,1.0,1.181955306343697,0.5,Galvanizado,kg,160.0,189.11284901499153,Lista: Codo (Galv),
611,79,20,codo,2.0,13.69309905770837,0.5,Galvanizado,kg,160.0,2190.895849233339,Lista: Codo (Galv),
612,80,1,Ducto Cilindrico,200.0,394.59111843077517,0.5,Galvanizado,kg,216.0,85231.68158104744,Lista: Ducto Cilindrico (Galv),
613,80,2,Ducto Cilindrico,50.0,123.78052083641214,0.5,Galvanizado,kg,216.0,26736.59250066502,Lista: Ducto Cilindrico (Galv),
614,80,3,Ducto Cilindrico,180.0,309.8930723760047,0.5,Galvanizado,kg,216.0,66936.903633217,Lista: Ducto Cilindrico (Galv),
620,82,1,S,1.0,1.23156,0.5,Galvanizado,kg,160.0,197.0496,Lista: S (Galv),
621,82,2,Codo,1.0,1.181955306343697,0.5,Galvanizado,kg,160.0,189.11284901499153,Lista: Codo (Galv),
622,82,3,Zapato c/ Templador,1.0,1.046930250501237,0.5,Galvanizado,un,1320.0,1320.0,Lista: Zapato c/ Templador (Pieza Esp.),
623,82,4,Ducto Recto,2.0,10.983919999999998,0.5,Galvanizado,kg,160.0,1757.4271999999996,Lista: Ducto Recto (Galv),
624,82,5,S,1.0,1.7595599999999998,0.5,Galvanizado,kg,160.0,281.52959999999996,Lista: S (Galv),
625,83,1,Ducto Recto,8.0,10.41264,0.5,Galvanizado,kg,160.0,1666.0223999999998,Lista: Ducto Recto (Galv),
626,84,1,Zapato s/ Templador,1.0,1.6855935926186292,0.5,Galvanizado,un,1320.0,1320.0,Lista: Zapato s/ Templador (Pieza Esp.),
627,84,2,Codo,1.0,2.1934752581127315,0.5,Galvanizado,kg,160.0,350.956041298037,Lista: Codo (Galv),
628,84,3,Ducto Recto,5.0,19.0332,0.5,Galvanizado,kg,160.0,3045.312,Lista: Ducto Recto (Galv),
629,84,4,Ducto Recto,1.0,1.71672,0.5,Galvanizado,kg,160.0,274.6752,Lista: Ducto Recto (Galv),
630,84,5,Ducto Recto,1.0,2.4258,0.5,Galvanizado,kg,160.0,388.12800000000004,Lista: Ducto Recto (Galv),
631,84,6,Transformación,1.0,1.25696,0.5,Galvanizado,kg,160.0,201.11360000000002,Lista: Transformación (Galv),
632,84,7,Medio Codo,1.0,1.999705358986165,0.5,Galvanizado,kg,160.0,319.9528574377864,Lista: Medio Codo (Galv),
633,84,8,Ducto Recto,1.0,1.9195199999999997,0.5,Galvanizado,kg,160.0,307.12319999999994,Lista: Ducto Recto (Galv),
634,84,9,Ducto Recto,1.0,2.55936,0.5,Galvanizado,kg,160.0,409.4976,Lista: Ducto Recto (Galv),
635,84,10,S,1.0,1.7595599999999998,0.5,Galvanizado,kg,160.0,281.52959999999996,Lista: S (Galv),
636,84,11,Ducto Recto,1.0,5.4386399999999995,0.5,Galvanizado,kg,160.0,870.1823999999999,Lista: Ducto Recto (Galv),
637,84,12,Ducto Recto,1.0,3.5191199999999996,0.5,Galvanizado,kg,160.0,563.0591999999999,Lista: Ducto Recto (Galv),
638,84,13,Codo,1.0,4.214388373073418,0.5,Galvanizado,kg,160.0,674.3021396917469,Lista: Codo (Galv),
639,84,14,Transformación,1.0,2.2112000000000003,0.5,Galvanizado,kg,160.0,353.79200000000003,Lista: Transformación (Galv),
640,84,15,Zapato s/ Templador,1.0,0.48,0.5,Galvanizado,un,1320.0,1320.0,Lista: Zapato s/ Templador (Pieza Esp.),
641,84,16,Ducto Recto,1.0,0.90904,0.5,Galvanizado,kg,160.0,145.44639999999998,Lista: Ducto Recto (Galv),
642,85,1,Ducto Recto,3.0,15.09192,0.5,Galvanizado,kg,160.0,2414.7072,Lista: Ducto Recto (Galv),
643,85,2,Ducto Recto,1.0,2.56464,0.5,Galvanizado,kg,160.0,410.3424,Lista: Ducto Recto (Galv),
644,85,3,Codo,1.0,3.292397296844737,0.5,Galvanizado,kg,160.0,526.783567495158,Lista: Codo (Galv),
645,85,4,Codo,1.0,2.387245157239298,0.5,Galvanizado,kg,160.0,381.9592251582877,Lista: Codo (Galv),
646,85,5,Ducto Recto,1.0,0.9970399999999999,0.5,Galvanizado,kg,160.0,159.5264,Lista: Ducto Recto (Galv),
647,85,6,Transformación,1.0,3.1334400000000002,0.5,Galvanizado,kg,160.0,501.35040000000004,Lista: Transformación (Galv),
648,85,7,Ducto Recto,2.0,9.245280000000001,0.5,Galvanizado,kg,160.0,1479.2448000000002,Lista: Ducto Recto (Galv),
649,85,8,Ducto Recto,1.0,4.6226400000000005,0.5,Galvanizado,kg,160.0,739.6224000000001,Lista: Ducto Recto (Galv),
650,85,9,Zapato s/ Templador,1.0,1.6855935926186292,0.5,Galvanizado,un,1320.0,1320.0,Lista: Zapato s/ Templador (Pieza Esp.),
651,85,10,Ducto Recto,1.0,1.2396,0.5,Galvanizado,kg,160.0,198.336,Lista: Ducto Recto (Galv),
652,85,11,Zapato s/ Templador,1.0,1.830162135113553,0.5,Galvanizado,un,1320.0,1320.0,Lista: Zapato s/ Templador (Pieza Esp.),
653,85,12,Ducto Recto,5.0,23.113200000000003,0.5,Galvanizado,kg,160.0,3698.1120000000005,Lista: Ducto Recto (Galv),
654,85,13,Ducto Recto,1.0,0.9970399999999999,0.5,Galvanizado,kg,160.0,159.5264,Lista: Ducto Recto (Galv),
655,85,14,Codo,1.0,2.387245157239298,0.5,Galvanizado,kg,160.0,381.9592251582877,Lista: Codo (Galv),
656,85,15,Ducto Recto,1.0,1.133,0.5,Galvanizado,kg,160.0,181.28,Lista: Ducto Recto (Galv),
657,85,16,S,1.0,2.62856,0.5,Galvanizado,kg,160.0,420.5696,Lista: S (Galv),
658,85,17,Ducto Recto,3.0,13.867920000000002,0.5,Galvanizado,kg,160.0,2218.8672,Lista: Ducto Recto (Galv),
659,85,18,Ducto Recto,1.0,3.08176,0.5,Galvanizado,kg,160.0,493.0816,Lista: Ducto Recto (Galv),
660,85,19,Codo,1.0,2.387245157239298,0.5,Galvanizado,kg,160.0,381.9592251582877,Lista: Codo (Galv),
661,86,1,Ducto Recto,1.0,1.133,0.5,Galvanizado,kg,160.0,181.28,Lista: Ducto Recto (Galv),
662,86,2,Transformación,1.0,1.0867200000000001,0.5,Galvanizado,kg,160.0,173.8752,Lista: Transformación (Galv),
663,86,3,Ducto Recto,1.0,1.866,0.5,Galvanizado,kg,160.0,298.56,Lista: Ducto Recto (Galv),
664,86,4,Medio Codo,2.0,3.6751983561218635,0.5,Galvanizado,kg,160.0,588.0317369794982,Lista: Medio Codo (Galv),
665,86,5,Ducto Recto,1.0,1.6794,0.5,Galvanizado,kg,160.0,268.704,Lista: Ducto Recto (Galv),
666,87,1,Ducto Cilindrico,40.0,73.89167544041138,0.5,Galvanizado,kg,216.0,15960.601895128857,Lista: Ducto Cilindrico (Galv),
667,87,2,Codo,20.0,1.7748741855720893,0.5,Galvanizado,kg,160.0,283.9798696915343,Lista: Codo (Galv),
668,87,3,Codo,20.0,1.7748741855720893,0.5,Galvanizado,kg,160.0,283.9798696915343,Lista: Codo (Galv),
669,88,1,Caja Difusora Esp.,7.0,164.91181743474402,0.6,Galvanizado,un,960.0,6720.0,Lista: Caja Difusora Esp. (Pieza Esp.),
680,91,1,Caja Difusora,5.0,9.111813579890889,0.5,Galvanizado,un,960.0,4800.0,Lista: Caja Difusora (Pieza Esp.),
681,91,2,Collarín,5.0,1.6147963267948966,0.5,Galvanizado,un,504.0,2520.0,Lista: Collarín (Pieza Esp.),
682,92,1,Caja Difusora,12.0,6.574024367756408,0.5,Galvanizado,un,960.0,11520.0,Lista: Caja Difusora (Pieza Esp.),
683,92,2,Collarín,12.0,2.3675467105846515,0.5,Galvanizado,un,504.0,6048.0,Lista: Collarín (Pieza Esp.),
684,93,1,Ducto Recto,2.0,13.32528,0.5,Galvanizado,kg,160.0,2132.0447999999997,Lista: Ducto Recto (Galv),
685,93,2,Ducto Recto,3.0,11.419920000000001,0.5,Galvanizado,kg,160.0,1827.1872000000003,Lista: Ducto Recto (Galv),
686,93,3,Ducto Recto,1.0,2.0902399999999997,0.5,Galvanizado,kg,160.0,334.43839999999994,Lista: Ducto Recto (Galv),
687,93,4,Transformación,1.0,3.4273600000000006,0.5,Galvanizado,kg,160.0,548.3776000000001,Lista: Transformación (Galv),
688,93,5,Codo,1.0,1.8375991780609318,0.5,Galvanizado,kg,160.0,294.0158684897491,Lista: Codo (Galv),
689,93,6,Codo,1.0,1.999705358986165,0.5,Galvanizado,kg,160.0,319.9528574377864,Lista: Codo (Galv),
690,93,7,Zapato s/ Templador,1.0,2.1192992201034007,0.5,Galvanizado,un,1320.0,1320.0,Lista: Zapato s/ Templador (Pieza Esp.),
691,94,1,Caja Difusora,3.0,5.467088147934533,0.5,Galvanizado,un,960.0,2880.0,Lista: Caja Difusora (Pieza Esp.),
692,94,2,Collarín,5.0,1.4053568165555772,0.5,Galvanizado,un,504.0,2520.0,🤖 IA + Lista: Collarín (Pieza Esp.),
693,94,3,Tapa,1.0,0.12,0.5,Galvanizado,kg,160.0,19.2,Lista: Tapa (Galv),
694,94,4,Codo,3.0,2.4297863647269202,0.5,Galvanizado,kg,160.0,388.76581835630725,Lista: Codo (Galv),
695,94,5,Caja Difusora Esp.,2.0,5.7159184368438165,0.5,Galvanizado,un,960.0,1920.0,Lista: Caja Difusora Esp. (Pieza Esp.),
696,95,1,Ducto Cilindrico,40.0,68.8651271946677,0.5,Galvanizado,kg,216.0,14874.867474048224,Lista: Ducto Cilindrico (Galv),
697,95,2,Ducto Cilindrico,40.0,78.91822368615505,0.5,Galvanizado,kg,216.0,17046.33631620949,Lista: Ducto Cilindrico (Galv),
698,96,1,Codo,2.0,6.031980474817549,0.5,Galvanizado,kg,160.0,965.1168759708078,Lista: Codo (Galv),
699,96,2,codo,3.0,4.978611726606943,0.5,Galvanizado,kg,160.0,796.5778762571109,Lista: Codo (Galv),
700,97,1,S,1.0,2.6870399999999997,0.5,Galvanizado,kg,160.0,429.92639999999994,Lista: S (Galv),
701,97,2,Medio Codo,2.0,3.6751983561218635,0.5,Galvanizado,kg,160.0,588.0317369794982,Lista: Medio Codo (Galv),
702,97,3,Codo,3.0,5.512797534182795,0.5,Galvanizado,kg,160.0,882.0476054692472,Lista: Codo (Galv),
703,97,4,Ducto Recto,4.0,15.226560000000001,0.5,Galvanizado,kg,160.0,2436.2496,Lista: Ducto Recto (Galv),
704,97,5,Ducto Recto,1.0,2.6870399999999997,0.5,Galvanizado,kg,160.0,429.92639999999994,Lista: Ducto Recto (Galv),
715,99,1,Tapa,1.0,1.9584000000000001,0.8,Galvanizado,kg,160.0,313.34400000000005,Lista: Tapa (Galv),
718,101,1,Transformación,1.0,7.451135999999998,0.8,Galvanizado,kg,160.0,1192.1817599999997,Lista: Transformación (Galv),
719,101,2,Unión c/ Lona,1.0,3.780672,0.8,Galvanizado,un,2340.0,2340.0,Lista: Unión c/ Lona (Pieza Esp.),
720,101,4,Pleno,1.0,11.378118400000002,0.8,Galvanizado,un,12000.0,12000.0,Lista: Pleno (Pieza Esp.),
721,101,5,Transformación,1.0,3.6753600000000004,0.5,Galvanizado,kg,160.0,588.0576000000001,Lista: Transformación (Galv),
722,101,6,Ducto Recto,1.0,1.9034399999999998,0.5,Galvanizado,kg,160.0,304.55039999999997,Lista: Ducto Recto (Galv),
723,101,7,Codo,1.0,3.238742430068276,0.5,Galvanizado,kg,160.0,518.1987888109242,Lista: Codo (Galv),
724,101,8,Unión c/ Lona,1.0,1.1783199999999998,0.5,Galvanizado,un,2340.0,2340.0,Lista: Unión c/ Lona (Pieza Esp.),
725,101,10,Unión c/ Lona,1.0,3.780672,0.8,Galvanizado,un,2340.0,2340.0,Lista: Unión c/ Lona (Pieza Esp.),
726,101,11,Transformación,1.0,9.610496,0.8,Galvanizado,kg,160.0,1537.6793599999999,Lista: Transformación (Galv),
727,101,12,Ducto Recto,1.0,4.545839999999999,0.5,Galvanizado,kg,160.0,727.3343999999998,Lista: Ducto Recto (Galv),
728,101,13,Codo Transfor.,1.0,7.595715556263516,0.5,Galvanizado,kg,160.0,1215.3144890021626,Lista: Codo Transfor. (Galv),
729,101,14,Ducto Recto,2.0,14.957279999999999,0.5,Galvanizado,kg,160.0,2393.1648,Lista: Ducto Recto (Galv),
730,102,2,Tapa,1.0,10.3824,1.0,Fe,kg,600.0,6229.4400000000005,Base Fe (600.0/kg),
735,104,1,S,1.0,1.6029,0.5,Galvanizado,kg,160.0,256.464,Lista: S (Galv),
736,104,2,S,1.0,1.3563,0.5,Galvanizado,kg,160.0,217.008,Lista: S (Galv),
737,104,3,S,1.0,1.6029,0.5,Galvanizado,kg,160.0,256.464,Lista: S (Galv),
738,104,4,S,1.0,1.20834,0.5,Galvanizado,kg,160.0,193.3344,Lista: S (Galv),
739,104,5,Ducto Recto,2.0,2.31804,0.5,Galvanizado,kg,160.0,370.8864,Lista: Ducto Recto (Galv),
740,104,6,Ducto Recto,4.0,3.2916,0.5,Galvanizado,kg,160.0,526.656,Lista: Ducto Recto (Galv),
741,104,7,S,1.0,0.7849200000000001,0.5,Galvanizado,kg,160.0,125.58720000000001,Lista: S (Galv),
745,106,1,Codo,3.0,5.9991160769584955,0.5,Galvanizado,kg,160.0,959.8585723133592,Lista: Codo (Galv),
746,107,1,Ducto Recto,1.0,7.886639999999999,0.5,Galvanizado,kg,160.0,1261.8623999999998,Lista: Ducto Recto (Galv),
747,107,2,Ducto Recto,1.0,4.020639999999999,0.5,Galvanizado,kg,160.0,643.3023999999999,Lista: Ducto Recto (Galv),
748,107,3,Ducto Recto,2.0,8.041279999999999,0.5,Galvanizado,kg,160.0,1286.6047999999998,Lista: Ducto Recto (Galv),
749,107,4,Unión c/ Lona,1.0,1.059208,0.5,Galvanizado,un,2340.0,2340.0,🤖 IA + Lista: Unión c/ Lona (Pieza Esp.),
753,109,1,Ducto Recto,10.0,280.1328,1.0,Galvanizado,kg,160.0,44821.24799999999,Lista: Ducto Recto (Galv),
754,109,2,Ducto Recto,1.0,17.02768,1.0,Galvanizado,kg,160.0,2724.4288,Lista: Ducto Recto (Galv),
755,109,3,Ducto Recto,1.0,11.534880000000001,1.0,Galvanizado,kg,160.0,1845.5808000000002,Lista: Ducto Recto (Galv),
756,110,1,Transformación,1.0,2.5439133333333337,0.5,Galvanizado,kg,160.0,407.0261333333334,🤖 IA + Lista: Transformación (Galv),
757,110,2,Transformación,1.0,1.12464,0.5,Galvanizado,kg,160.0,179.94240000000002,Lista: Transformación (Galv),
758,110,3,Zapato c/ Templador,2.0,2.6272,0.5,Galvanizado,un,1320.0,2640.0,Lista: Zapato c/ Templador (Pieza Esp.),
759,110,4,Ducto Recto,2.0,7.603679999999999,0.5,Galvanizado,kg,160.0,1216.5887999999998,Lista: Ducto Recto (Galv),
760,110,5,Unión c/ Lona,1.0,1.059208,0.5,Galvanizado,un,2340.0,2340.0,🤖 IA + Lista: Unión c/ Lona (Pieza Esp.),
761,111,1,Ducto Cilindrico,40.0,61.978614475200935,36.0,Galvanizado,kg,216.0,13387.380726643401,Lista: Ducto Cilindrico (Galv),
762,112,1,Transformación,1.0,12.174335999999997,0.8,Galvanizado,kg,160.0,1947.8937599999995,Lista: Transformación (Galv),
763,112,2,Unión c/ Lona,1.0,2.98792,0.5,Galvanizado,un,2340.0,2340.0,Lista: Unión c/ Lona (Pieza Esp.),
764,112,4,Pleno,1.0,16.304248,1.0,Galvanizado,un,12000.0,12000.0,Lista: Pleno (Pieza Esp.),
765,113,1,Ducto Recto,5.0,10.979800000000001,0.5,Galvanizado,kg,160.0,1756.768,Lista: Ducto Recto (Galv),
766,113,2,Tapa,1.0,0.06,0.5,Galvanizado,kg,160.0,9.6,Lista: Tapa (Galv),
767,113,3,Codo,1.0,0.7985571067730246,0.5,Galvanizado,kg,160.0,127.76913708368394,Lista: Codo (Galv),
768,113,4,Tapa,1.0,0.18,0.5,Galvanizado,kg,160.0,28.799999999999997,Lista: Tapa (Galv),
769,113,5,Zapato c/ Templador,1.0,0.8575288614027912,0.5,Galvanizado,un,1320.0,1320.0,🤖 IA + Lista: Zapato c/ Templador (Pieza Esp.),
773,115,1,Ducto Cilindrico,40.0,68.8651271946677,0.5,Galvanizado,kg,216.0,14874.867474048224,Lista: Ducto Cilindrico (Galv),
774,115,2,Ducto Cilindrico,40.0,78.91822368615505,0.5,Galvanizado,kg,216.0,17046.33631620949,Lista: Ducto Cilindrico (Galv),
775,115,3,Ducto Cilindrico,40.0,73.89167544041138,0.5,Galvanizado,kg,216.0,15960.601895128857,Lista: Ducto Cilindrico (Galv),
776,116,1,Medio Codo,6.0,34.11535615968371,0.5,Galvanizado,kg,160.0,5458.456985549393,Lista: Medio Codo (Galv),
777,116,2,Medio Codo,2.0,14.539997531372356,0.5,Galvanizado,kg,160.0,2326.399605019577,Lista: Medio Codo (Galv),
778,116,3,Vicera c/ Malla,4.0,12.766116015902536,0.5,Galvanizado,un,2880.0,11520.0,Lista: Vicera c/ Malla (Pieza Esp.),
779,117,1,S,1.0,2.7859999999999996,0.5,Galvanizado,kg,160.0,445.75999999999993,Lista: S (Galv),
780,117,2,Codo,4.0,7.183540628957191,0.5,Galvanizado,kg,160.0,1149.3665006331505,Lista: Codo (Galv),
784,119,1,Ducto Recto,5.0,17.159799999999997,0.5,Galvanizado,kg,160.0,2745.5679999999993,Lista: Ducto Recto (Galv),
785,119,2,Ducto Recto,3.0,7.823880000000001,0.5,Galvanizado,kg,160.0,1251.8208000000002,Lista: Ducto Recto (Galv),
786,119,3,Codo,3.0,2.7747332380910796,0.5,Galvanizado,kg,160.0,443.95731809457277,Lista: Codo (Galv),
787,119,4,Tapa,3.0,0.27,0.5,Galvanizado,kg,160.0,43.2,Lista: Tapa (Galv),
788,119,5,Transformación,7.0,7.87248,0.5,Galvanizado,kg,160.0,,🤖 IA Estimado,
789,119,6,Codo,1.0,2.795222430068276,0.5,Galvanizado,kg,160.0,447.2355888109241,Lista: Codo (Galv),
790,119,7,Transformación,1.0,0.12984,0.5,Galvanizado,kg,160.0,20.7744,Lista: Transformación (Galv),
791,120,1,S,1.0,2.7859999999999996,0.5,Galvanizado,kg,160.0,,🤖 IA Estimado,
792,120,2,Ducto Recto,2.0,7.68792,0.5,Galvanizado,kg,160.0,1230.0672,Lista: Ducto Recto (Galv),
793,120,3,Transf. Red - Cuad,1.0,1.547980583239203,0.5,Galvanizado,un,3524.0,3524.0,🤖 IA Estimado,
798,122,1,S,1.0,1.56744,0.5,Galvanizado,kg,160.0,250.79039999999998,Lista: S (Galv),
799,122,2,Ducto Recto,4.0,15.226560000000001,0.5,Galvanizado,kg,160.0,2436.2496,Lista: Ducto Recto (Galv),
800,122,3,Codo,2.0,3.99941071797233,0.5,Galvanizado,kg,160.0,639.9057148755728,Lista: Codo (Galv),
801,122,4,Ducto Recto,1.0,1.56744,0.5,Galvanizado,kg,160.0,250.79039999999998,Lista: Ducto Recto (Galv),
803,124,1,Transf. Red - Cuad,4.0,6.191922332956812,0.5,Galvanizado,un,3524.0,14096.0,🤖 IA Estimado,
804,124,2,Transf. Red - Cuad,2.0,2.832719016287195,0.5,Galvanizado,un,3524.0,7048.0,Lista: Transf. Red - Cuad (Pieza Esp.),
805,124,3,Ducto Recto,4.0,18.490560000000002,0.5,Galvanizado,kg,160.0,2958.4896000000003,Lista: Ducto Recto (Galv),
806,124,4,Codo Transfor.,2.0,3.6833001294212737,0.5,Galvanizado,kg,160.0,589.3280207074038,Lista: Codo Transfor. (Galv),
807,124,5,Ducto Recto,2.0,11.69328,0.5,Galvanizado,kg,160.0,1870.9248,Lista: Ducto Recto (Galv),
808,125,1,S,1.0,3.553839999999999,0.5,Galvanizado,kg,160.0,568.6143999999999,Lista: S (Galv),
809,125,2,S,1.0,3.0578399999999997,0.5,Galvanizado,kg,160.0,489.2543999999999,Lista: S (Galv),
810,125,3,Medio Codo,2.0,2.860653939452734,0.5,Galvanizado,kg,160.0,457.7046303124374,Lista: Medio Codo (Galv),
811,125,4,Ducto Recto,1.0,5.84664,0.5,Galvanizado,kg,160.0,935.4624,Lista: Ducto Recto (Galv),
812,125,5,Codo,1.0,2.179346374131959,0.5,Galvanizado,kg,160.0,348.69541986111346,Lista: Codo (Galv),
816,127,1,Ducto Cilindrico,40.0,78.91822368615505,0.5,Galvanizado,kg,216.0,17046.33631620949,Lista: Ducto Cilindrico (Galv),
817,127,2,Ducto Cilindrico,8.0,3.2723253948185116,0.5,Galvanizado,kg,216.0,706.8222852807985,Lista: Ducto Cilindrico (Galv),
818,127,3,Tapa,4.0,0.36000000000000004,0.5,Galvanizado,kg,160.0,0.0,🤖 IA Estimado,
819,128,1,Transf. Red - Cuad,2.0,3.369064280478659,0.5,Galvanizado,un,3524.0,7048.0,Lista: Transf. Red - Cuad (Pieza Esp.),
820,128,2,Transf. Red - Cuad,1.0,1.4163595081435976,0.5,Galvanizado,un,3524.0,3524.0,Lista: Transf. Red - Cuad (Pieza Esp.),
821,128,3,Transf. Red - Cuad,2.0,2.9301676483829273,0.5,Galvanizado,un,3524.0,7048.0,Lista: Transf. Red - Cuad (Pieza Esp.),
822,128,4,Transf. Red - Cuad,2.0,2.6619950162871957,0.5,Galvanizado,un,3524.0,7048.0,Lista: Transf. Red - Cuad (Pieza Esp.),
823,128,5,Transf. Red - Cuad,2.0,2.5887196483829276,0.5,Galvanizado,un,3524.0,7048.0,Lista: Transf. Red - Cuad (Pieza Esp.),
824,128,6,Zapato c/ Templador,4.0,3.861983743704745,0.5,Galvanizado,un,1320.0,5280.0,Lista: Zapato c/ Templador (Pieza Esp.),
825,128,7,Zapato c/ Templador,2.0,1.385860501002474,0.5,Galvanizado,un,1320.0,2640.0,Lista: Zapato c/ Templador (Pieza Esp.),
826,128,8,Zapato c/ Templador,5.0,4.4234796796309315,0.5,Galvanizado,un,1320.0,6600.0,Lista: Zapato c/ Templador (Pieza Esp.),
827,128,9,Ducto Recto,1.0,5.066,0.5,Galvanizado,kg,160.0,810.56,Lista: Ducto Recto (Galv),
828,129,1,S,1.0,0.63984,0.5,Galvanizado,kg,160.0,102.3744,Lista: S (Galv),
829,129,2,Transformación,1.0,3.821952,0.6,Galvanizado,kg,160.0,611.51232,Lista: Transformación (Galv),
830,129,3,Unión c/ Lona,1.0,0.49751999999999996,0.5,Galvanizado,un,2340.0,2340.0,Lista: Unión c/ Lona (Pieza Esp.),
831,129,4,Transformación,1.0,3.8673600000000006,0.5,Galvanizado,kg,160.0,618.7776000000001,Lista: Transformación (Galv),
832,129,5,Transformación,1.0,0.0,,Galvanizado,kg,160.0,0.0,Lista: Transformación (Galv),
833,129,6,Ducto Recto,1.0,0.0,,Galvanizado,kg,160.0,0.0,Lista: Ducto Recto (Galv),
834,129,7,Medio Codo,4.0,0.35497483711441785,0.5,Galvanizado,kg,160.0,56.79597393830686,Lista: Medio Codo (Galv),
835,129,8,Transformación,2.0,0.264,0.5,Galvanizado,kg,160.0,42.24,Lista: Transformación (Galv),
836,129,9,Ducto Cilindrico,16.0,0.0,,Galvanizado,kg,216.0,0.0,Lista: Ducto Cilindrico (Galv),
837,129,10,Ducto Cilindrico,1.0,0.0,,Galvanizado,kg,216.0,0.0,Lista: Ducto Cilindrico (Galv),
844,132,1,Ducto Recto,3.0,26.107919999999996,0.5,Galvanizado,kg,160.0,4177.267199999999,Lista: Ducto Recto (Galv),
845,132,2,Medio Codo,1.0,5.516990064983074,0.5,Galvanizado,kg,160.0,882.7184103972918,Lista: Medio Codo (Galv),
846,132,3,Tapa,2.0,1.8,0.5,Galvanizado,kg,160.0,288.0,Lista: Tapa (Galv),
847,133,1,Transformación,1.0,9.769216,0.8,Galvanizado,kg,160.0,1563.07456,Lista: Transformación (Galv),
848,133,2,Unión c/ Lona,1.0,4.647552,0.8,Galvanizado,un,2340.0,2340.0,Lista: Unión c/ Lona (Pieza Esp.),
849,133,3,Codo,1.0,5.341821930112611,0.5,Galvanizado,kg,160.0,854.6915088180178,Lista: Codo (Galv),
850,133,4,Ducto Recto,1.0,4.40724,0.5,Galvanizado,kg,160.0,705.1584,Lista: Ducto Recto (Galv),
851,133,5,Pleno,1.0,21.799008,1.0,Galvanizado,un,12000.0,12000.0,Lista: Pleno (Pieza Esp.),
852,133,6,Ducto Recto,1.0,1.16508,0.5,Galvanizado,kg,160.0,186.41279999999998,Lista: Ducto Recto (Galv),
853,133,7,Transformación,1.0,2.8257600000000003,0.5,Galvanizado,kg,160.0,452.12160000000006,Lista: Transformación (Galv),
854,133,8,Ducto Recto,1.0,7.886639999999999,0.5,Galvanizado,kg,160.0,1261.8623999999998,Lista: Ducto Recto (Galv),
855,133,9,Transformación,1.0,5.79656,0.5,Galvanizado,kg,160.0,927.4496,Lista: Transformación (Galv),
856,133,10,Codo,1.0,3.084032729071254,0.5,Galvanizado,kg,160.0,493.44523665140065,Lista: Codo (Galv),
857,133,11,Ducto Recto,1.0,3.396639999999999,0.5,Galvanizado,kg,160.0,543.4623999999999,Lista: Ducto Recto (Galv),
858,133,12,Codo,1.0,5.913476736600367,0.5,Galvanizado,kg,160.0,946.1562778560586,Lista: Codo (Galv),
859,133,13,Unión c/ Lona,1.0,0.27192,0.5,Galvanizado,un,2340.0,2340.0,Lista: Unión c/ Lona (Pieza Esp.),
860,133,14,Transformación,1.0,2.1537599999999997,0.5,Galvanizado,kg,160.0,344.60159999999996,Lista: Transformación (Galv),
861,133,15,Pleno,1.0,3.7915039999999993,0.5,Galvanizado,un,12000.0,12000.0,Lista: Pleno (Pieza Esp.),
862,133,16,Unión c/ Lona,1.0,1.5782399999999999,0.5,Galvanizado,un,2340.0,2340.0,Lista: Unión c/ Lona (Pieza Esp.),
863,133,17,Codo,1.0,3.7108574383028974,0.5,Galvanizado,kg,160.0,593.7371901284636,Lista: Codo (Galv),
864,133,18,Transformación,1.0,3.4273600000000006,0.5,Galvanizado,kg,160.0,548.3776000000001,Lista: Transformación (Galv),
865,133,19,Ducto Recto,3.0,16.31592,0.5,Galvanizado,kg,160.0,2610.5472,Lista: Ducto Recto (Galv),
866,133,20,Transf. Red - Cuad,1.0,2.3508661013346828,0.5,Galvanizado,un,3524.0,3524.0,Lista: Transf. Red - Cuad (Pieza Esp.),
867,134,1,Pleno,1.0,8.588524800000002,0.6,Galvanizado,un,12000.0,12000.0,Lista: Pleno (Pieza Esp.),
868,134,2,Transformación,1.0,4.04736,0.5,Galvanizado,kg,160.0,647.5776000000001,Lista: Transformación (Galv),
869,134,3,S,1.0,0.31992,0.5,Galvanizado,kg,160.0,51.1872,Lista: S (Galv),
870,134,4,Ducto Recto,1.0,5.4386399999999995,0.5,Galvanizado,kg,160.0,870.1823999999999,Lista: Ducto Recto (Galv),
871,134,5,Codo,1.0,4.214388373073418,0.5,Galvanizado,kg,160.0,674.3021396917469,Lista: Codo (Galv),
872,134,6,Unión c/ Lona,1.0,1.38632,0.5,Galvanizado,un,2340.0,2340.0,Lista: Unión c/ Lona (Pieza Esp.),
873,134,7,Unión c/ Lona,1.0,2.5371839999999994,0.6,Galvanizado,un,2340.0,2340.0,Lista: Unión c/ Lona (Pieza Esp.),
874,134,8,Transformación,1.0,5.898432000000001,0.6,Galvanizado,kg,160.0,943.7491200000001,Lista: Transformación (Galv),
875,134,9,Unión c/ Lona,1.0,4.7473920000000005,0.8,Galvanizado,un,2340.0,2340.0,Lista: Unión c/ Lona (Pieza Esp.),
876,134,10,Transformación,1.0,12.526976,0.8,Galvanizado,kg,160.0,2004.3161599999999,Lista: Transformación (Galv),
877,134,11,Codo,2.0,11.209413735236305,0.5,Galvanizado,kg,160.0,1793.5061976378088,Lista: Codo (Galv),
878,134,12,Ducto Recto,1.0,8.29464,0.5,Galvanizado,kg,160.0,1327.1424,Lista: Ducto Recto (Galv),
879,134,13,Pleno,1.0,20.611488,1.0,Galvanizado,un,12000.0,12000.0,Lista: Pleno (Pieza Esp.),
880,135,1,Ducto Recto,1.0,5.07996,0.5,Galvanizado,kg,160.0,812.7936,Lista: Ducto Recto (Galv),
881,135,2,Codo,1.0,1.3240172422023144,0.5,Galvanizado,kg,160.0,211.84275875237032,Lista: Codo (Galv),
882,135,3,Tapa,1.0,0.16,0.5,Galvanizado,kg,160.0,25.6,Lista: Tapa (Galv),
883,135,4,Ducto Recto,2.0,0.22391999999999998,0.5,Galvanizado,kg,160.0,35.8272,Lista: Ducto Recto (Galv),
884,135,5,Collarín,6.0,1.6864281798666925,0.5,Galvanizado,un,504.0,3024.0,🤖 IA Estimado,
885,135,6,Collarín,20.0,5.621427266222309,0.5,Galvanizado,un,504.0,10080.0,🤖 IA Estimado,
886,136,1,Ducto Recto,1.0,2.7727999999999997,0.5,Galvanizado,kg,160.0,443.64799999999997,Lista: Ducto Recto (Galv),
887,136,2,Ducto Recto,1.0,7.070639999999999,0.5,Galvanizado,kg,160.0,1131.3023999999998,Lista: Ducto Recto (Galv),
888,136,3,Ducto Recto,1.0,1.5250399999999997,0.5,Galvanizado,kg,160.0,244.00639999999996,Lista: Ducto Recto (Galv),
889,136,4,Transformación,1.0,3.4929600000000005,0.5,Galvanizado,kg,160.0,558.8736000000001,Lista: Transformación (Galv),
890,136,5,Ducto Recto,1.0,4.35072,0.5,Galvanizado,kg,160.0,696.1152,Lista: Ducto Recto (Galv),
891,136,6,S,1.0,4.78308,0.5,Galvanizado,kg,160.0,765.2927999999999,Lista: S (Galv),
892,136,7,S,2.0,6.07288,0.5,Galvanizado,kg,160.0,971.6607999999999,Lista: S (Galv),
893,136,8,S,1.0,4.6226400000000005,0.5,Galvanizado,kg,160.0,739.6224000000001,Lista: S (Galv),
894,136,9,Transformación,1.0,2.4585600000000003,0.5,Galvanizado,kg,160.0,393.36960000000005,Lista: Transformación (Galv),
895,136,10,Ducto Recto,14.0,59.004960000000004,0.5,Galvanizado,kg,160.0,9440.7936,Lista: Ducto Recto (Galv),
896,136,11,Ducto Recto,1.0,2.8924,0.5,Galvanizado,kg,160.0,462.784,Lista: Ducto Recto (Galv),
897,136,12,Codo,2.0,4.386950516225463,0.5,Galvanizado,kg,160.0,701.912082596074,Lista: Codo (Galv),
898,136,13,Zapato s/ Templador,1.0,2.1192992201034007,0.5,Galvanizado,un,1320.0,1320.0,🤖 IA Estimado,
899,136,14,Ducto Recto,1.0,3.5122,0.5,Galvanizado,kg,160.0,561.952,Lista: Ducto Recto (Galv),
900,136,15,Codo,1.0,2.1934752581127315,0.5,Galvanizado,kg,160.0,350.956041298037,Lista: Codo (Galv),
901,136,16,Ducto Recto,1.0,1.7354399999999999,0.5,Galvanizado,kg,160.0,277.6704,Lista: Ducto Recto (Galv),
902,136,17,Ducto Recto,1.0,0.95036,0.5,Galvanizado,kg,160.0,152.0576,Lista: Ducto Recto (Galv),
903,136,18,S,1.0,4.21464,0.5,Galvanizado,kg,160.0,674.3424,Lista: S (Galv),
904,136,19,Zapato s/ Templador,1.0,2.1192992201034007,0.5,Galvanizado,un,1320.0,1320.0,🤖 IA Estimado,
905,136,20,Codo,1.0,1.481475306343697,0.5,Galvanizado,kg,160.0,237.0360490149915,Lista: Codo (Galv),
906,137,1,Ducto Recto,1.0,2.52152,0.5,Galvanizado,kg,160.0,403.44320000000005,Lista: Ducto Recto (Galv),
907,137,2,Ducto Recto,1.0,3.8066400000000002,0.5,Galvanizado,kg,160.0,609.0624,Lista: Ducto Recto (Galv),
908,137,3,Ducto Recto,1.0,2.0230799999999998,0.5,Galvanizado,kg,160.0,323.6928,Lista: Ducto Recto (Galv),
909,137,4,Zapato s/ Templador,1.0,2.1192992201034007,0.5,Galvanizado,un,1320.0,1320.0,🤖 IA Estimado,
910,137,5,Ducto Recto,1.0,1.29948,0.5,Galvanizado,kg,160.0,207.9168,Lista: Ducto Recto (Galv),
911,137,6,Codo,1.0,1.6595372422023145,0.5,Galvanizado,kg,160.0,265.52595875237034,Lista: Codo (Galv),
912,137,7,Ducto Recto,1.0,2.9321599999999997,0.5,Galvanizado,kg,160.0,469.14559999999994,Lista: Ducto Recto (Galv),
913,137,8,Ducto Recto,1.0,3.3986400000000003,0.5,Galvanizado,kg,160.0,543.7824,Lista: Ducto Recto (Galv),
914,137,9,Codo,2.0,4.386950516225463,0.5,Galvanizado,kg,160.0,701.912082596074,Lista: Codo (Galv),
915,137,10,Ducto Recto,1.0,1.3222399999999999,0.5,Galvanizado,kg,160.0,211.55839999999998,Lista: Ducto Recto (Galv),
916,137,11,Transformación,1.0,2.344,0.5,Galvanizado,kg,160.0,375.03999999999996,Lista: Transformación (Galv),
917,137,12,Codo,1.0,1.999705358986165,0.5,Galvanizado,kg,160.0,319.9528574377864,Lista: Codo (Galv),
918,137,13,Transformación,1.0,1.964,0.5,Galvanizado,kg,160.0,314.24,Lista: Transformación (Galv),
919,137,14,Ducto Recto,1.0,3.0654399999999997,0.5,Galvanizado,kg,160.0,490.4703999999999,Lista: Ducto Recto (Galv),
920,137,15,Codo,1.0,1.3507850519543618,0.5,Galvanizado,kg,160.0,216.1256083126979,Lista: Codo (Galv),
921,137,16,Transformación,1.0,1.764,0.5,Galvanizado,kg,160.0,282.24,Lista: Transformación (Galv),
922,137,17,Ducto Recto,1.0,0.9662799999999999,0.5,Galvanizado,kg,160.0,154.60479999999998,Lista: Ducto Recto (Galv),
923,138,1,Codo Transfor.,2.0,10.738705777997229,0.5,Galvanizado,kg,160.0,1718.1929244795565,Lista: Codo Transfor. (Galv),
924,138,2,Transformación,2.0,12.392064000000001,0.6,Galvanizado,kg,160.0,1982.7302400000003,Lista: Transformación (Galv),
925,138,3,Ducto Recto,1.0,9.182687999999999,0.6,Galvanizado,kg,160.0,1469.2300799999998,Lista: Ducto Recto (Galv),
926,138,4,Ducto Recto,2.0,22.844735999999997,0.6,Galvanizado,kg,160.0,3655.1577599999996,Lista: Ducto Recto (Galv),
927,138,5,S,1.0,11.422367999999999,0.6,Galvanizado,kg,160.0,1827.5788799999998,Lista: S (Galv),
928,138,6,Ducto Recto,2.0,23.823935999999996,0.6,Galvanizado,kg,160.0,3811.8297599999996,Lista: Ducto Recto (Galv),
929,138,7,Zapato s/ Templador,1.0,2.1192992201034007,0.5,Galvanizado,un,1320.0,1320.0,🤖 IA Estimado,
930,138,8,Codo Transfor.,1.0,9.647049895351508,0.5,Galvanizado,kg,160.0,1543.5279832562412,Lista: Codo Transfor. (Galv),
931,138,9,Ducto Recto,1.0,5.091239999999999,0.5,Galvanizado,kg,160.0,814.5983999999999,Lista: Ducto Recto (Galv),
932,138,10,Ducto Recto,1.0,3.1261999999999994,0.5,Galvanizado,kg,160.0,500.1919999999999,Lista: Ducto Recto (Galv),
933,138,11,Ducto Recto,1.0,2.85824,0.5,Galvanizado,kg,160.0,457.3184,Lista: Ducto Recto (Galv),
934,139,1,Ducto Recto,2.0,7.6132800000000005,0.5,Galvanizado,kg,160.0,1218.1248,Lista: Ducto Recto (Galv),
935,139,2,Codo,1.0,1.999705358986165,0.5,Galvanizado,kg,160.0,319.9528574377864,Lista: Codo (Galv),
936,139,3,Ducto Recto,1.0,1.1196,0.5,Galvanizado,kg,160.0,179.136,Lista: Ducto Recto (Galv),
937,139,4,Transformación,1.0,1.964,0.5,Galvanizado,kg,160.0,314.24,Lista: Transformación (Galv),
938,139,5,Codo,1.0,1.6595372422023145,0.5,Galvanizado,kg,160.0,265.52595875237034,Lista: Codo (Galv),
939,139,6,Ducto Recto,1.0,1.43276,0.5,Galvanizado,kg,160.0,229.2416,Lista: Ducto Recto (Galv),
940,139,7,S,1.0,1.43276,0.5,Galvanizado,kg,160.0,229.2416,Lista: S (Galv),
941,139,8,Ducto Recto,1.0,2.4323599999999996,0.5,Galvanizado,kg,160.0,389.1775999999999,Lista: Ducto Recto (Galv),
942,139,9,Zapato s/ Templador,1.0,2.1192992201034007,0.5,Galvanizado,un,1320.0,1320.0,🤖 IA Estimado,
943,139,10,Ducto Recto,1.0,2.87364,0.5,Galvanizado,kg,160.0,459.7824,Lista: Ducto Recto (Galv),
944,139,11,Codo,1.0,1.8375991780609318,0.5,Galvanizado,kg,160.0,294.0158684897491,Lista: Codo (Galv),
945,139,12,Ducto Recto,1.0,3.8066400000000002,0.5,Galvanizado,kg,160.0,609.0624,Lista: Ducto Recto (Galv),
946,139,13,Ducto Recto,1.0,1.7540399999999998,0.5,Galvanizado,kg,160.0,280.64639999999997,Lista: Ducto Recto (Galv),
947,139,14,Transformación,1.0,1.964,0.5,Galvanizado,kg,160.0,314.24,Lista: Transformación (Galv),
948,139,15,Codo,1.0,1.6595372422023145,0.5,Galvanizado,kg,160.0,265.52595875237034,Lista: Codo (Galv),
949,139,16,Ducto Recto,1.0,0.93296,0.5,Galvanizado,kg,160.0,149.2736,Lista: Ducto Recto (Galv),
950,139,17,Zapato s/ Templador,1.0,2.1192992201034007,0.5,Galvanizado,un,1320.0,1320.0,🤖 IA Estimado,
951,139,18,Cono,2.0,0.0011058406140636073,0.5,Galvanizado,kg,160.0,0.17693449825017718,Lista: Cono (Galv),
952,139,19,Ducto Recto,1.0,1.4554799999999999,0.5,Galvanizado,kg,160.0,232.87679999999997,Lista: Ducto Recto (Galv),
953,139,20,Transformación,1.0,1.5712,0.5,Galvanizado,kg,160.0,251.392,Lista: Transformación (Galv),
954,140,1,Ducto Recto,1.0,4.351488,0.6,Galvanizado,kg,160.0,696.23808,Lista: Ducto Recto (Galv),
955,140,2,Ducto Recto,1.0,13.870368000000001,0.6,Galvanizado,kg,160.0,2219.2588800000003,Lista: Ducto Recto (Galv),
956,140,3,Codo,1.0,5.989370543617391,0.5,Galvanizado,kg,160.0,958.2992869787826,Lista: Codo (Galv),
957,140,4,Codo,1.0,5.382414842943844,0.5,Galvanizado,kg,160.0,861.1863748710151,Lista: Codo (Galv),
958,140,5,Ducto Recto,1.0,2.5662,0.5,Galvanizado,kg,160.0,410.592,Lista: Ducto Recto (Galv),
959,140,6,Ducto Recto,1.0,6.232199999999999,0.5,Galvanizado,kg,160.0,997.1519999999998,Lista: Ducto Recto (Galv),
960,140,7,Ducto Recto,1.0,3.0061199999999997,0.5,Galvanizado,kg,160.0,480.97919999999993,Lista: Ducto Recto (Galv),
961,140,8,Transformación,1.0,4.922592000000001,0.6,Galvanizado,kg,160.0,787.6147200000001,Lista: Transformación (Galv),
962,140,9,Codo,1.0,7.21361281614991,0.6,Galvanizado,kg,160.0,1154.1780505839856,Lista: Codo (Galv),
963,140,10,Ducto Recto,2.0,1.85568,0.5,Galvanizado,kg,160.0,296.9088,Lista: Ducto Recto (Galv),
964,140,11,Transformación,1.0,4.915360000000001,0.5,Galvanizado,kg,160.0,786.4576000000001,Lista: Transformación (Galv),
965,140,12,Ducto Recto,1.0,4.21464,0.5,Galvanizado,kg,160.0,674.3424,Lista: Ducto Recto (Galv),
966,140,13,Codo,1.0,2.1934752581127315,0.5,Galvanizado,kg,160.0,350.956041298037,Lista: Codo (Galv),
967,140,14,Ducto Recto,1.0,4.21464,0.5,Galvanizado,kg,160.0,674.3424,Lista: Ducto Recto (Galv),
968,140,15,Transf. Red - Cuad,1.0,1.3309975081435979,0.5,Galvanizado,un,3524.0,3524.0,Lista: Transf. Red - Cuad (Pieza Esp.),
969,140,16,Medio Codo,2.0,5.596086696739103,0.5,Galvanizado,kg,160.0,895.3738714782565,Lista: Medio Codo (Galv),
970,140,17,Ducto Recto,2.0,3.05768,0.5,Galvanizado,kg,160.0,489.2288,Lista: Ducto Recto (Galv),
971,140,18,Ducto Recto,2.0,8.42928,0.5,Galvanizado,kg,160.0,1348.6848,Lista: Ducto Recto (Galv),
972,140,19,Transf. Red - Cuad,1.0,0.13650163163142964,0.5,Galvanizado,un,3524.0,3524.0,Lista: Transf. Red - Cuad (Pieza Esp.),
973,140,20,Codo,1.0,2.015661113919549,0.5,Galvanizado,kg,160.0,322.50577822712785,Lista: Codo (Galv),
974,141,1,Zapato s/ Templador,1.0,2.1192992201034007,0.5,Galvanizado,un,1320.0,1320.0,🤖 IA Estimado,
975,141,2,Ducto c/ Aleta,1.0,0.6560503999999999,0.5,Galvanizado,un,840.0,840.0,Lista: Ducto c/ Aleta (Pieza Esp.),
976,141,3,Transformación,1.0,1.964,0.5,Galvanizado,kg,160.0,314.24,Lista: Transformación (Galv),
977,141,4,Codo,1.0,1.6595372422023145,0.5,Galvanizado,kg,160.0,265.52595875237034,Lista: Codo (Galv),
978,141,5,Ducto Recto,1.0,1.1328799999999999,0.5,Galvanizado,kg,160.0,181.2608,Lista: Ducto Recto (Galv),
979,141,6,S,1.0,1.4994,0.5,Galvanizado,kg,160.0,239.904,Lista: S (Galv),
980,141,7,Ducto Recto,1.0,2.73224,0.5,Galvanizado,kg,160.0,437.15840000000003,Lista: Ducto Recto (Galv),
981,141,8,Zapato s/ Templador,1.0,2.1192992201034007,0.5,Galvanizado,un,1320.0,1320.0,🤖 IA Estimado,
982,141,9,Ducto Recto,1.0,1.26888,0.5,Galvanizado,kg,160.0,203.0208,Lista: Ducto Recto (Galv),
983,141,10,Codo,2.0,3.6751983561218635,0.5,Galvanizado,kg,160.0,588.0317369794982,Lista: Codo (Galv),
984,141,11,Ducto Recto,1.0,1.23156,0.5,Galvanizado,kg,160.0,197.0496,Lista: Ducto Recto (Galv),
985,141,12,Transformación,1.0,1.964,0.5,Galvanizado,kg,160.0,314.24,Lista: Transformación (Galv),
986,141,13,Ducto Recto,1.0,1.1328799999999999,0.5,Galvanizado,kg,160.0,181.2608,Lista: Ducto Recto (Galv),
987,141,14,Zapato s/ Templador,1.0,2.1192992201034007,0.5,Galvanizado,un,1320.0,1320.0,🤖 IA Estimado,
988,141,15,Ducto Recto,3.0,12.643920000000001,0.5,Galvanizado,kg,160.0,2023.0272000000002,Lista: Ducto Recto (Galv),
989,141,16,Ducto Recto,1.0,1.2396,0.5,Galvanizado,kg,160.0,198.336,Lista: Ducto Recto (Galv),
990,141,17,Transformación,1.0,2.4669600000000003,0.5,Galvanizado,kg,160.0,394.71360000000004,Lista: Transformación (Galv),
991,141,18,Ducto Recto,1.0,0.9703199999999998,0.5,Galvanizado,kg,160.0,155.25119999999998,Lista: Ducto Recto (Galv),
992,141,19,Codo,2.0,3.99941071797233,0.5,Galvanizado,kg,160.0,639.9057148755728,Lista: Codo (Galv),
993,141,20,Ducto Recto,1.0,3.47076,0.5,Galvanizado,kg,160.0,555.3216,Lista: Ducto Recto (Galv),
994,142,1,Ducto Recto,2.0,7.6132800000000005,0.5,Galvanizado,kg,160.0,1218.1248,Lista: Ducto Recto (Galv),
995,142,2,Codo,1.0,1.999705358986165,0.5,Galvanizado,kg,160.0,319.9528574377864,Lista: Codo (Galv),
996,142,3,Ducto Recto,1.0,1.1196,0.5,Galvanizado,kg,160.0,179.136,Lista: Ducto Recto (Galv),
997,142,4,Transformación,1.0,1.964,0.5,Galvanizado,kg,160.0,314.24,Lista: Transformación (Galv),
998,142,5,Codo,1.0,1.6595372422023145,0.5,Galvanizado,kg,160.0,265.52595875237034,Lista: Codo (Galv),
999,142,6,Ducto Recto,1.0,1.43276,0.5,Galvanizado,kg,160.0,229.2416,Lista: Ducto Recto (Galv),
1000,142,7,S,1.0,1.43276,0.5,Galvanizado,kg,160.0,229.2416,Lista: S (Galv),
1001,142,8,Ducto Recto,1.0,2.4323599999999996,0.5,Galvanizado,kg,160.0,389.1775999999999,Lista: Ducto Recto (Galv),
1002,142,9,Zapato s/ Templador,1.0,2.1192992201034007,0.5,Galvanizado,un,1320.0,1320.0,🤖 IA Estimado,
1003,142,10,Ducto Recto,1.0,2.87364,0.5,Galvanizado,kg,160.0,459.7824,Lista: Ducto Recto (Galv),
1004,142,11,Codo,1.0,1.8375991780609318,0.5,Galvanizado,kg,160.0,294.0158684897491,Lista: Codo (Galv),
1005,142,12,Ducto Recto,1.0,3.8066400000000002,0.5,Galvanizado,kg,160.0,609.0624,Lista: Ducto Recto (Galv),
1006,142,13,Ducto Recto,1.0,1.7540399999999998,0.5,Galvanizado,kg,160.0,280.64639999999997,Lista: Ducto Recto (Galv),
1007,142,14,Transformación,1.0,1.964,0.5,Galvanizado,kg,160.0,314.24,Lista: Transformación (Galv),
1008,142,15,Codo,1.0,1.6595372422023145,0.5,Galvanizado,kg,160.0,265.52595875237034,Lista: Codo (Galv),
1009,142,16,Ducto Recto,1.0,0.93296,0.5,Galvanizado,kg,160.0,149.2736,Lista: Ducto Recto (Galv),
1010,142,17,Zapato s/ Templador,1.0,2.1192992201034007,0.5,Galvanizado,un,1320.0,1320.0,🤖 IA Estimado,
1011,142,18,Codo,2.0,3.6751983561218635,0.5,Galvanizado,kg,160.0,588.0317369794982,Lista: Codo (Galv),
1012,142,19,Ducto Recto,1.0,1.4554799999999999,0.5,Galvanizado,kg,160.0,232.87679999999997,Lista: Ducto Recto (Galv),
1013,142,20,Transformación,1.0,1.964,0.5,Galvanizado,kg,160.0,314.24,Lista: Transformación (Galv),
1014,143,1,Ducto Recto,1.0,0.89964,0.5,Galvanizado,kg,160.0,143.9424,Lista: Ducto Recto (Galv),
1015,143,2,Zapato s/ Templador,1.0,2.1192992201034007,0.5,Galvanizado,un,1320.0,1320.0,🤖 IA Estimado,
1016,143,3,Ducto Recto,1.0,2.72436,0.5,Galvanizado,kg,160.0,435.8976,Lista: Ducto Recto (Galv),
1017,143,4,Codo,1.0,1.8375991780609318,0.5,Galvanizado,kg,160.0,294.0158684897491,Lista: Codo (Galv),
1018,143,5,Ducto Recto,1.0,3.8066400000000002,0.5,Galvanizado,kg,160.0,609.0624,Lista: Ducto Recto (Galv),
1019,143,6,Ducto Recto,1.0,0.8956799999999999,0.5,Galvanizado,kg,160.0,143.3088,Lista: Ducto Recto (Galv),
1020,143,7,S,1.0,1.9406399999999997,0.5,Galvanizado,kg,160.0,310.50239999999997,Lista: S (Galv),
1021,143,8,Ducto Recto,1.0,3.8066400000000002,0.5,Galvanizado,kg,160.0,609.0624,Lista: Ducto Recto (Galv),
1022,143,9,Ducto Recto,1.0,1.38084,0.5,Galvanizado,kg,160.0,220.9344,Lista: Ducto Recto (Galv),
1023,143,10,Transformación,1.0,1.964,0.5,Galvanizado,kg,160.0,,🤖 IA Estimado,
1024,143,11,Codo,1.0,1.6595372422023145,0.5,Galvanizado,kg,160.0,265.52595875237034,Lista: Codo (Galv),
1025,143,12,Ducto Recto,1.0,1.0662399999999999,0.5,Galvanizado,kg,160.0,170.59839999999997,Lista: Ducto Recto (Galv),
1026,144,1,Ducto Recto,2.0,10.06128,0.5,Galvanizado,kg,160.0,1609.8048,Lista: Ducto Recto (Galv),
1027,144,2,Ducto Recto,1.0,3.0578399999999997,0.5,Galvanizado,kg,160.0,489.2543999999999,Lista: Ducto Recto (Galv),
1028,144,3,Codo,1.0,3.292397296844737,0.5,Galvanizado,kg,160.0,526.783567495158,Lista: Codo (Galv),
1029,144,4,Ducto Recto,2.0,10.06128,0.5,Galvanizado,kg,160.0,1609.8048,Lista: Ducto Recto (Galv),
1030,144,5,Ducto Recto,1.0,2.26872,0.5,Galvanizado,kg,160.0,362.9952,Lista: Ducto Recto (Galv),
1031,144,6,Transformación,1.0,2.9229600000000002,0.5,Galvanizado,kg,160.0,467.6736,Lista: Transformación (Galv),
1032,144,7,Ducto Recto,1.0,4.6226400000000005,0.5,Galvanizado,kg,160.0,739.6224000000001,Lista: Ducto Recto (Galv),
1033,144,8,Ducto Recto,1.0,2.80984,0.5,Galvanizado,kg,160.0,449.57439999999997,Lista: Ducto Recto (Galv),
1034,144,9,Transf. Red - Cuad,1.0,1.0709059695719885,0.5,Galvanizado,un,3524.0,3524.0,Lista: Transf. Red - Cuad (Pieza Esp.),
1035,144,10,Zapato s/ Templador,1.0,2.1192992201034007,0.5,Galvanizado,un,1320.0,1320.0,🤖 IA Estimado,
1036,144,11,Ducto Recto,1.0,1.39944,0.5,Galvanizado,kg,160.0,223.9104,Lista: Ducto Recto (Galv),
1037,144,12,Codo,1.0,1.6595372422023145,0.5,Galvanizado,kg,160.0,265.52595875237034,Lista: Codo (Galv),
1038,144,13,Ducto Recto,1.0,3.3986400000000003,0.5,Galvanizado,kg,160.0,543.7824,Lista: Ducto Recto (Galv),
1039,144,14,Ducto Recto,1.0,1.1328799999999999,0.5,Galvanizado,kg,160.0,181.2608,Lista: Ducto Recto (Galv),
1040,144,15,Ducto Recto,1.0,2.19912,0.5,Galvanizado,kg,160.0,351.85920000000004,Lista: Ducto Recto (Galv),
1041,144,16,Transf. Red - Cuad,1.0,1.018776738857793,0.5,Galvanizado,un,3524.0,3524.0,Lista: Transf. Red - Cuad (Pieza Esp.),
1042,144,17,Zapato s/ Templador,1.0,2.1192992201034007,0.5,Galvanizado,un,1320.0,1320.0,🤖 IA Estimado,
1043,144,18,Ducto Recto,1.0,2.0658399999999997,0.5,Galvanizado,kg,160.0,330.53439999999995,Lista: Ducto Recto (Galv),
1044,144,19,Codo,2.0,3.319074484404629,0.5,Galvanizado,kg,160.0,531.0519175047407,Lista: Codo (Galv),
1045,144,20,Transf. Red - Cuad,1.0,0.8206812618576667,0.5,Galvanizado,un,3524.0,3524.0,Lista: Transf. Red - Cuad (Pieza Esp.),
1063,146,1,Codo,1.0,1.6595372422023145,0.5,Galvanizado,kg,160.0,265.52595875237034,Lista: Codo (Galv),
1064,146,2,Ducto Recto,1.0,0.8663199999999999,0.5,Galvanizado,kg,160.0,138.61119999999997,Lista: Ducto Recto (Galv),
1065,146,3,Codo,1.0,1.6595372422023145,0.5,Galvanizado,kg,160.0,265.52595875237034,Lista: Codo (Galv),
1066,146,4,Ducto Recto,1.0,0.7330399999999999,0.5,Galvanizado,kg,160.0,117.28639999999999,Lista: Ducto Recto (Galv),
1067,146,5,Transf. Red - Cuad,1.0,0.8772799695719885,0.5,Galvanizado,un,3524.0,3524.0,Lista: Transf. Red - Cuad (Pieza Esp.),
1068,146,6,Zapato s/ Templador,1.0,2.1192992201034007,0.5,Galvanizado,un,1320.0,1320.0,🤖 IA Estimado,
1069,146,7,Ducto Recto,1.0,1.39944,0.5,Galvanizado,kg,160.0,223.9104,Lista: Ducto Recto (Galv),
1070,146,8,Codo,1.0,1.6595372422023145,0.5,Galvanizado,kg,160.0,265.52595875237034,Lista: Codo (Galv),
1071,146,9,Ducto Recto,1.0,0.89964,0.5,Galvanizado,kg,160.0,143.9424,Lista: Ducto Recto (Galv),
1072,146,10,Codo,1.0,1.6595372422023145,0.5,Galvanizado,kg,160.0,265.52595875237034,Lista: Codo (Galv),
1073,146,11,Ducto Recto,1.0,0.7330399999999999,0.5,Galvanizado,kg,160.0,117.28639999999999,Lista: Ducto Recto (Galv),
1074,146,12,Transf. Red - Cuad,1.0,0.8772799695719885,0.5,Galvanizado,un,3524.0,3524.0,Lista: Transf. Red - Cuad (Pieza Esp.),
1075,146,13,Zapato s/ Templador,1.0,2.1192992201034007,0.5,Galvanizado,un,1320.0,1320.0,🤖 IA Estimado,
1076,146,14,Ducto Recto,1.0,2.1658,0.5,Galvanizado,kg,160.0,346.528,Lista: Ducto Recto (Galv),
1077,146,15,Codo,1.0,1.6595372422023145,0.5,Galvanizado,kg,160.0,265.52595875237034,Lista: Codo (Galv),
1078,146,16,Ducto Recto,1.0,3.3986400000000003,0.5,Galvanizado,kg,160.0,543.7824,Lista: Ducto Recto (Galv),
1079,146,17,Transf. Red - Cuad,1.0,0.8772799695719885,0.5,Galvanizado,un,3524.0,3524.0,Lista: Transf. Red - Cuad (Pieza Esp.),
1080,147,1,Transformación,1.0,3.2877600000000005,0.5,Galvanizado,kg,160.0,526.0416,Lista: Transformación (Galv),
1081,147,2,Unión c/ Lona,1.0,0.9064,0.5,Galvanizado,un,2340.0,2340.0,Lista: Unión c/ Lona (Pieza Esp.),
1085,149,1,Plancha Lisa,20.0,0.0,0.0,Galvanizado,-,0.0,0.0,Manual,
1106,151,1,Ducto Recto,1.0,0.90904,0.5,Galvanizado,kg,160.0,145.44639999999998,Lista: Ducto Recto (Galv),
1107,151,2,Ducto Recto,5.0,21.0732,0.5,Galvanizado,kg,160.0,3371.712,Lista: Ducto Recto (Galv),
1108,151,3,Zapato s/ Templador,1.0,2.1192992201034007,0.5,Galvanizado,un,1320.0,1320.0,🤖 IA Estimado,
1109,151,4,Ducto Recto,1.0,0.9970399999999999,0.5,Galvanizado,kg,160.0,159.5264,Lista: Ducto Recto (Galv),
1110,151,5,Ducto Recto,1.0,1.33164,0.5,Galvanizado,kg,160.0,213.0624,Lista: Ducto Recto (Galv),
1111,151,6,Ducto Recto,1.0,4.04424,0.5,Galvanizado,kg,160.0,647.0784000000001,Lista: Ducto Recto (Galv),
1112,151,7,S,1.0,5.03064,0.5,Galvanizado,kg,160.0,804.9024,Lista: S (Galv),
1113,151,8,Ducto Recto,1.0,4.04424,0.5,Galvanizado,kg,160.0,647.0784000000001,Lista: Ducto Recto (Galv),
1114,151,9,Codo,1.0,3.292397296844737,0.5,Galvanizado,kg,160.0,526.783567495158,Lista: Codo (Galv),
1115,151,10,Ducto Recto,1.0,2.66328,0.5,Galvanizado,kg,160.0,426.1248,Lista: Ducto Recto (Galv),
1116,152,1,Ducto Recto,1.0,6.254639999999999,0.5,Galvanizado,kg,160.0,1000.7423999999999,Lista: Ducto Recto (Galv),
1117,152,2,Ducto Recto,1.0,4.8442799999999995,0.5,Galvanizado,kg,160.0,775.0847999999999,Lista: Ducto Recto (Galv),
1118,152,3,Transformación,1.0,3.2877600000000005,0.5,Galvanizado,kg,160.0,,🤖 IA Estimado,
1119,152,4,Ducto Recto,1.0,4.6226400000000005,0.5,Galvanizado,kg,160.0,739.6224000000001,Lista: Ducto Recto (Galv),
1120,152,5,Ducto Recto,1.0,1.6315199999999999,0.5,Galvanizado,kg,160.0,261.04319999999996,Lista: Ducto Recto (Galv),
1121,152,6,Codo,1.0,3.045220322607144,0.5,Galvanizado,kg,160.0,487.23525161714304,Lista: Codo (Galv),
1122,152,7,Transf. Red - Cuad,1.0,1.0271537440483718,0.5,Galvanizado,un,3524.0,3524.0,Lista: Transf. Red - Cuad (Pieza Esp.),
1123,152,8,Zapato s/ Templador,2.0,4.238598440206801,0.5,Galvanizado,un,1320.0,2640.0,🤖 IA Estimado,
1124,152,9,Ducto Recto,1.0,3.38824,0.5,Galvanizado,kg,160.0,542.1184000000001,Lista: Ducto Recto (Galv),
1125,152,10,Codo,1.0,2.1934752581127315,0.5,Galvanizado,kg,160.0,350.956041298037,Lista: Codo (Galv),
1126,152,11,Ducto Recto,1.0,3.38824,0.5,Galvanizado,kg,160.0,542.1184000000001,Lista: Ducto Recto (Galv),
1127,152,12,Transf. Red - Cuad,1.0,1.4041493914296552,0.5,Galvanizado,un,3524.0,3524.0,Lista: Transf. Red - Cuad (Pieza Esp.),
1128,152,13,Transf. Red - Cuad,1.0,1.482157690953525,0.5,Galvanizado,un,3524.0,3524.0,Lista: Transf. Red - Cuad (Pieza Esp.),
1129,152,14,Ducto Recto,4.0,26.65056,0.5,Galvanizado,kg,160.0,4264.089599999999,Lista: Ducto Recto (Galv),
1130,152,15,Ducto Recto,1.0,2.80876,0.5,Galvanizado,kg,160.0,449.4016,Lista: Ducto Recto (Galv),
1131,152,16,Codo,1.0,4.825229041396861,0.5,Galvanizado,kg,160.0,772.0366466234977,Lista: Codo (Galv),
1132,152,17,Ducto Recto,1.0,5.813479999999999,0.5,Galvanizado,kg,160.0,930.1567999999999,Lista: Ducto Recto (Galv),
1133,152,18,Codo,1.0,4.825229041396861,0.5,Galvanizado,kg,160.0,772.0366466234977,Lista: Codo (Galv),
1134,152,19,Ducto Recto,5.0,33.313199999999995,0.5,Galvanizado,kg,160.0,5330.111999999999,Lista: Ducto Recto (Galv),
1135,152,20,Ducto Recto,1.0,1.89428,0.5,Galvanizado,kg,160.0,303.0848,Lista: Ducto Recto (Galv),
1136,153,1,Medio Codo,2.0,3.6751983561218635,0.5,Galvanizado,kg,160.0,588.0317369794982,Lista: Medio Codo (Galv),
1137,153,2,Ducto Recto,1.0,3.43344,0.5,Galvanizado,kg,160.0,549.3504,Lista: Ducto Recto (Galv),
1138,153,3,Codo,1.0,1.8375991780609318,0.5,Galvanizado,kg,160.0,294.0158684897491,Lista: Codo (Galv),
1139,153,4,Zapato s/ Templador,1.0,2.1192992201034007,0.5,Galvanizado,un,1320.0,1320.0,🤖 IA Estimado,
1140,153,5,Ducto Recto,4.0,15.226560000000001,0.5,Galvanizado,kg,160.0,2436.2496,Lista: Ducto Recto (Galv),
1151,155,1,Medio Codo,4.0,0.35497483711441785,0.5,Galvanizado,kg,160.0,56.79597393830686,Lista: Medio Codo (Galv),
1152,156,1,Codo,2.0,9.373789685887688,0.5,Galvanizado,kg,160.0,1499.80634974203,Lista: Codo (Galv),
1153,156,2,Codo,1.0,5.293850543617392,0.5,Galvanizado,kg,160.0,847.0160869787827,Lista: Codo (Galv),
1154,156,3,Medio Codo,2.0,9.373789685887688,0.5,Galvanizado,kg,160.0,1499.80634974203,Lista: Medio Codo (Galv),
1155,156,4,Ducto Recto,4.0,30.207839999999997,0.5,Galvanizado,kg,160.0,4833.2544,Lista: Ducto Recto (Galv),
1156,156,5,Transformación,1.0,4.307840000000001,0.5,Galvanizado,kg,160.0,689.2544,Lista: Transformación (Galv),
1157,156,6,Unión c/ Lona,2.0,1.8128,0.5,Galvanizado,un,2340.0,4680.0,🤖 IA Estimado,
1158,156,7,Ducto Recto,9.0,75.38363999999999,0.5,Galvanizado,kg,160.0,12061.382399999999,Lista: Ducto Recto (Galv),
1159,156,8,Codo,2.0,11.683736396472337,0.5,Galvanizado,kg,160.0,1869.397823435574,Lista: Codo (Galv),
1160,156,9,Codo,1.0,4.570974842943843,0.5,Galvanizado,kg,160.0,731.355974871015,Lista: Codo (Galv),
1161,156,10,Ducto Recto,2.0,11.807919999999998,0.5,Galvanizado,kg,160.0,1889.2671999999995,Lista: Ducto Recto (Galv),
1162,157,1,Ducto Recto,8.0,53.30112,0.5,Galvanizado,kg,160.0,8528.179199999999,Lista: Ducto Recto (Galv),
1163,157,2,Codo,1.0,4.825229041396861,0.5,Galvanizado,kg,160.0,772.0366466234977,Lista: Codo (Galv),
1164,157,3,Ducto Recto,8.0,33.71712,0.5,Galvanizado,kg,160.0,5394.7392,Lista: Ducto Recto (Galv),
1165,157,4,Codo,1.0,2.1934752581127315,0.5,Galvanizado,kg,160.0,350.956041298037,Lista: Codo (Galv),
1166,157,5,Ducto Cilindrico,10.0,4.09040674352314,0.5,Galvanizado,kg,216.0,0.0,🤖 IA Estimado,
1167,158,1,Codo,1.0,1.6595372422023145,0.5,Galvanizado,kg,160.0,265.52595875237034,Lista: Codo (Galv),
1168,158,2,Ducto Recto,1.0,2.19912,0.5,Galvanizado,kg,160.0,351.85920000000004,Lista: Ducto Recto (Galv),
1169,158,3,Codo,1.0,2.1934752581127315,0.5,Galvanizado,kg,160.0,350.956041298037,Lista: Codo (Galv),
1170,158,4,Ducto Recto,1.0,2.72712,0.5,Galvanizado,kg,160.0,436.3392,Lista: Ducto Recto (Galv),
1171,159,1,Ducto Recto,4.0,0.25584,0.5,Galvanizado,kg,160.0,40.934400000000004,Lista: Ducto Recto (Galv),
1172,159,2,Codo,2.0,1.5971142135460492,0.5,Galvanizado,kg,160.0,255.5382741673679,Lista: Codo (Galv),
1173,159,3,Zapato c/ Templador,1.0,0.2136,0.5,Galvanizado,un,1320.0,1320.0,Lista: Zapato c/ Templador (Pieza Esp.),
1174,159,4,Tapa,1.0,0.06,0.5,Galvanizado,kg,160.0,9.6,Lista: Tapa (Galv),
1175,159,5,Medio Codo,2.0,1.5971142135460492,0.5,Galvanizado,kg,160.0,255.5382741673679,Lista: Medio Codo (Galv),
1176,159,6,Medio Codo,2.0,1.3985655578391742,0.5,Galvanizado,kg,160.0,223.7704892542679,Lista: Medio Codo (Galv),
1177,159,7,Caja Difusora,2.0,0.9787461336588871,0.5,Galvanizado,un,960.0,1920.0,Lista: Caja Difusora (Pieza Esp.),
1178,159,8,Collarín,2.0,0.5621427266222309,0.5,Galvanizado,un,504.0,1008.0,🤖 IA Estimado,
1179,160,1,Ducto Cilindrico,10.0,29.06633388230814,,Galvanizado,kg,216.0,6278.328118578558,Lista: Ducto Cilindrico (Galv),
1180,161,1,Ducto Recto,1.0,1.7062399999999998,0.5,Galvanizado,kg,160.0,272.99839999999995,Lista: Ducto Recto (Galv),
1181,161,2,Ducto Recto,1.0,6.78832,0.5,Galvanizado,kg,160.0,1086.1312,Lista: Ducto Recto (Galv),
1182,161,3,Ducto Recto,1.0,7.4786399999999995,0.5,Galvanizado,kg,160.0,1196.5824,Lista: Ducto Recto (Galv),
1183,161,4,Ducto Recto,3.0,12.643920000000001,0.5,Galvanizado,kg,160.0,2023.0272000000002,Lista: Ducto Recto (Galv),
1184,161,5,Zapato s/ Templador,1.0,2.1192992201034007,0.5,Galvanizado,un,1320.0,1320.0,🤖 IA Estimado,
1185,161,6,Ducto Recto,1.0,4.6226400000000005,0.5,Galvanizado,kg,160.0,739.6224000000001,Lista: Ducto Recto (Galv),
1186,161,7,Transf. Red - Cuad,1.0,0.2268945108572874,0.5,Galvanizado,un,3524.0,3524.0,Lista: Transf. Red - Cuad (Pieza Esp.),
1187,161,8,Ducto Recto,2.0,2.90048,0.5,Galvanizado,kg,160.0,464.0768,Lista: Ducto Recto (Galv),
1188,161,9,Ducto Recto,3.0,13.867920000000002,0.5,Galvanizado,kg,160.0,2218.8672,Lista: Ducto Recto (Galv),
1189,161,10,Transf. Red - Cuad,1.0,0.2072721231429655,0.5,Galvanizado,un,3524.0,3524.0,Lista: Transf. Red - Cuad (Pieza Esp.),
1190,162,1,Ducto Recto,5.0,25.1532,0.5,Galvanizado,kg,160.0,4024.5119999999997,Lista: Ducto Recto (Galv),
1191,162,2,Ducto Recto,1.0,1.586,0.5,Galvanizado,kg,160.0,253.76000000000002,Lista: Ducto Recto (Galv),
1192,162,3,Codo,2.0,3.319074484404629,0.5,Galvanizado,kg,160.0,531.0519175047407,Lista: Codo (Galv),
1193,162,4,Ducto Recto,1.0,1.59936,0.5,Galvanizado,kg,160.0,255.89759999999998,Lista: Ducto Recto (Galv),
1194,162,5,Ducto Recto,1.0,1.4994,0.5,Galvanizado,kg,160.0,239.904,Lista: Ducto Recto (Galv),
1195,162,6,Ducto Recto,2.0,5.06464,0.5,Galvanizado,kg,160.0,810.3424,Lista: Ducto Recto (Galv),
1197,164,1,Codo Transfor.,1.0,5.014234568303136,0.5,Galvanizado,kg,160.0,802.2775309285018,Lista: Codo Transfor. (Galv),A:40cm | B:50cm | C:15cm | D:50cm | Ang:90° | Sim:Simétrica - Sup. Pareja | U.Ent:Escuadra | U.Sal:Balleta
1198,164,2,Codo Transfor.,1.0,5.014234568303136,0.5,Galvanizado,kg,160.0,802.2775309285018,Lista: Codo Transfor. (Galv),A:15cm | B:50cm | C:15cm | D:50cm | H:1m | Sim:Simétrico | U.Ent:Balleta | U.Sal:Balleta
1200,166,1,Ducto Recto,1.0,5.195421725,0.5,Galvanizado,kg,160.0,831.267476,Lista: Ducto Recto (Galv),A:15cm | B:50cm | H:1m | U.Ent:Balleta | U.Sal:Escuadra
1201,167,1,Transf. Red - Cuad,1.0,1.1681775644340318,0.5,Galvanizado,un,3524.0,3524.0,Lista: Transf. Red - Cuad (Pieza Esp.),Dim: A:30cm B:30cm Ø:25cm | H: 0.35m | Unión: TDF / Liso | Simetría: Simétrico
1204,169,1,Transf. Red - Cuad,1.0,1.1681775644340318,0.5,Galvanizado,un,3524.0,3524.0,Lista: Transf. Red - Cuad (Pieza Esp.),Dim: A:30cm B:30cm Ø:25cm | H: 0.35m | Unión: Liso / TDF | Simetría: Simétrico
1205,169,2,Transf. Red - Cuad,1.0,1.1681775644340318,0.5,Galvanizado,un,3524.0,3524.0,Lista: Transf. Red - Cuad (Pieza Esp.),Dim: A:25cm B:25cm Ø:15cm | H: 0.35m | Unión: Liso / TDF | Simetría: Simétrico
1206,169,3,Medio Codo,2.0,5.564197423269332,0.5,Galvanizado,kg,160.0,890.271587723093,Lista: Medio Codo (Galv),Dim: A:25cm B:25cm | Ang: 45° | Unión: TDF / TDF | Simetría: Simétrico
1207,169,4,Codo,1.0,2.730745240100718,0.5,Galvanizado,kg,160.0,436.9192384161149,Lista: Codo (Galv),Dim: A:25cm B:25cm | Ang: 45° | Unión: TDF / TDF | Simetría: Simétrico
1209,171,1,Plancha Lisa,20.0,240.0,0.5,Galvanizado,-,0.0,0.0,Manual,Dim: A:100cm B:300cm
1210,172,1,Transformación,1.0,,0.5,Galvanizado,kg,160.0,,Lista: Transformación (Galv),
1211,172,2,S,1.0,3.0163599999999997,0.5,Galvanizado,kg,160.0,482.6175999999999,Lista: S (Galv),
1212,172,3,Ducto Recto,1.0,1.5782399999999999,0.5,Galvanizado,kg,160.0,252.51839999999999,Lista: Ducto Recto (Galv),
1213,173,1,Transformación,1.0,2.58096,0.5,Galvanizado,kg,160.0,412.95360000000005,Lista: Transformación (Galv),
1214,174,1,Codo,1.0,2.730745240100718,0.5,Galvanizado,kg,160.0,436.9192384161149,Lista: Codo (Galv),Dim: A:25cm B:40cm | Ang: 90° | Unión: TDF / TDF | Simetría: Simétrico
1215,174,2,Transf. Red - Cuad,1.0,1.1681775644340318,0.5,Galvanizado,un,3524.0,3524.0,Lista: Transf. Red - Cuad (Pieza Esp.),Dim: A:40cm B:25cm Ø:20cm | H: 35m | Unión: TDF / Copla Rodón | Simetría: Simétrico
1217,176,1,Ducto Recto,1.0,5.184188241381988,0.5,A. Inox,kg,865.0,4484.32282879542,Base A. Inox,Dim: A:35cm B:30cm C:35cm D:30cm | H: 0.40m | Unión: TDF / TDF
1218,176,2,Ducto Recto,3.0,5.184188241381988,0.5,A. Inox,kg,865.0,4484.32282879542,Base A. Inox,Dim: A:35cm B:30cm C:35cm D:30cm | H: 0.90m | Unión: TDF / TDF
1219,176,3,Zapato s/ Templador,1.0,5.184188241381988,0.5,A. Inox,kg,865.0,4484.32282879542,Base A. Inox,Dim: A:35cm B:30cm | H: 0.20m | Unión: Triple 50 / TDF
1221,178,1,Zapato s/ Templador,1.0,,0.5,Galvanizado,un,1320.0,1320.0,Lista: Zapato s/ Templador (Pieza Esp.),
1222,178,2,Ducto Recto,1.0,3.6046399999999994,0.5,Galvanizado,kg,160.0,576.7423999999999,Lista: Ducto Recto (Galv),
1223,178,3,Codo,1.0,4.5282821680327014,0.5,Galvanizado,kg,160.0,724.5251468852323,Lista: Codo (Galv),
1224,178,4,Ducto Recto,3.0,2.49552,0.5,Galvanizado,kg,160.0,399.28319999999997,Lista: Ducto Recto (Galv),
1225,178,5,Codo,1.0,3.238742430068276,0.5,Galvanizado,kg,160.0,518.1987888109242,Lista: Codo (Galv),
1226,178,6,Unión c/ Lona,1.0,,0.5,Galvanizado,un,2340.0,2340.0,Lista: Unión c/ Lona (Pieza Esp.),
1227,178,7,Transformación,1.0,2.23776,0.5,Galvanizado,kg,160.0,358.0416,Lista: Transformación (Galv),
1228,178,8,Codo,2.0,7.079148542164661,0.5,Galvanizado,kg,160.0,1132.6637667463458,Lista: Codo (Galv),
1229,178,9,Ducto Recto,3.0,16.31592,0.5,Galvanizado,kg,160.0,2610.5472,Lista: Ducto Recto (Galv),
1230,178,10,Ducto Recto,1.0,3.3058399999999994,0.5,Galvanizado,kg,160.0,528.9343999999999,Lista: Ducto Recto (Galv),
1231,178,11,Transf. Red - Cuad,1.0,1.5870835081435977,0.5,Galvanizado,un,3524.0,3524.0,Lista: Transf. Red - Cuad (Pieza Esp.),
1232,178,12,Transf. Red - Cuad,1.0,1.4163595081435976,0.5,Galvanizado,un,3524.0,3524.0,Lista: Transf. Red - Cuad (Pieza Esp.),
1233,178,13,Transf. Red - Cuad,1.0,1.5504458241914638,0.5,Galvanizado,un,3524.0,3524.0,Lista: Transf. Red - Cuad (Pieza Esp.),
1234,179,1,Unión c/ Lona,1.0,,0.8,Galvanizado,un,2340.0,2340.0,Lista: Unión c/ Lona (Pieza Esp.),
1235,179,2,Transformación,1.0,8.324736,0.8,Galvanizado,kg,160.0,1331.95776,Lista: Transformación (Galv),
1236,179,3,Codo Transfor.,2.0,4.386950516225463,0.5,Galvanizado,kg,160.0,701.912082596074,Lista: Codo Transfor. (Galv),
1237,179,4,Codo,4.0,13.169589187378948,0.5,Galvanizado,kg,160.0,2107.134269980632,Lista: Codo (Galv),
1238,179,5,Ducto Recto,1.0,7.4786399999999995,0.5,Galvanizado,kg,160.0,1196.5824,Lista: Ducto Recto (Galv),
1239,179,6,Ducto Recto,1.0,5.79228,0.5,Galvanizado,kg,160.0,926.7647999999999,Lista: Ducto Recto (Galv),
1240,179,7,Transformación,1.0,3.8349600000000006,0.5,Galvanizado,kg,160.0,613.5936000000002,Lista: Transformación (Galv),
1241,179,8,Ducto Recto,1.0,1.8770399999999998,0.5,Galvanizado,kg,160.0,300.3264,Lista: Ducto Recto (Galv),
1242,180,1,Ducto Recto,1.0,4.0123999999999995,0.5,Galvanizado,kg,160.0,641.9839999999999,Lista: Ducto Recto (Galv),
1243,180,2,Transformación,1.0,3.2649600000000003,0.5,Galvanizado,kg,160.0,522.3936000000001,Lista: Transformación (Galv),
1244,180,3,Ducto Recto,2.0,10.06128,0.5,Galvanizado,kg,160.0,1609.8048,Lista: Ducto Recto (Galv),
1245,180,4,Zapato s/ Templador,2.0,,0.5,Galvanizado,un,1320.0,2640.0,Lista: Zapato s/ Templador (Pieza Esp.),
1246,180,5,Ducto Recto,1.0,1.133,0.5,Galvanizado,kg,160.0,181.28,Lista: Ducto Recto (Galv),
1247,180,6,Transf. Red - Cuad,1.0,1.3613670651437242,0.5,Galvanizado,un,3524.0,3524.0,Lista: Transf. Red - Cuad (Pieza Esp.),
1248,180,7,Ducto Recto,1.0,1.54088,0.5,Galvanizado,kg,160.0,246.5408,Lista: Ducto Recto (Galv),
1249,180,8,Transf. Red - Cuad,1.0,1.3613670651437242,0.5,Galvanizado,un,3524.0,3524.0,Lista: Transf. Red - Cuad (Pieza Esp.),
1250,181,1,Pleno,2.0,24.46016035555556,0.5,Galvanizado,un,12000.0,24000.0,Lista: Pleno (Pieza Esp.),Dim: A:122cm B:24cm | H: 40m | Unión: Liso / Tapa ciega
1251,181,2,Pleno,1.0,12.23008017777778,0.5,Galvanizado,un,12000.0,12000.0,Lista: Pleno (Pieza Esp.),Dim: A:116.5cm B:16cm | H: 30m | Unión: Liso / Tapa c/collarin
1252,181,3,Caja Difusora,6.0,7.022900794148248,0.5,Galvanizado,un,960.0,5760.0,Lista: Caja Difusora (Pieza Esp.),Dim: A:46cm B:46cm Ø:25cm | Unión: Liso / Tapa ciega
1253,181,4,Collarín,12.0,8.0,0.5,Galvanizado,un,504.0,6048.0,Lista: Collarín (Pieza Esp.),Dim: Ø:25cm | H: 10m | Unión: Liso / Liso
1254,182,1,Ducto Recto,3.0,35.735904,0.6,Galvanizado,kg,160.0,5717.74464,Lista: Ducto Recto (Galv),
1255,182,2,Codo,3.0,42.003322397786214,0.6,Galvanizado,kg,160.0,6720.531583645794,Lista: Codo (Galv),
1256,182,3,Codo,2.0,15.020450370470046,0.6,Galvanizado,kg,160.0,2403.2720592752075,Lista: Codo (Galv),
1257,182,4,Ducto Recto,1.0,5.488847999999999,0.6,Galvanizado,kg,160.0,878.2156799999998,Lista: Ducto Recto (Galv),
1258,182,5,Codo,3.0,55.27094610863687,0.6,Galvanizado,kg,160.0,8843.3513773819,Lista: Codo (Galv),
1260,184,1,Ducto Recto,1.0,1.89156,0.5,Galvanizado,kg,160.0,302.64959999999996,Lista: Ducto Recto (Galv),
1261,184,2,Codo Transfor.,1.0,2.015661113919549,0.5,Galvanizado,kg,160.0,322.50577822712785,Lista: Codo Transfor. (Galv),
1262,184,3,Codo Transfor.,1.0,2.015661113919549,0.5,Galvanizado,kg,160.0,322.50577822712785,Lista: Codo Transfor. (Galv),
1263,184,4,Medio Codo,2.0,5.472061951334236,0.5,Galvanizado,kg,160.0,875.5299122134778,Lista: Medio Codo (Galv),
1264,184,5,Ducto Recto,1.0,2.62856,0.5,Galvanizado,kg,160.0,420.5696,Lista: Ducto Recto (Galv),
1265,184,6,Ducto Recto,1.0,3.9881599999999997,0.5,Galvanizado,kg,160.0,638.1056,Lista: Ducto Recto (Galv),
1266,184,7,Ducto Recto,2.0,9.245280000000001,0.5,Galvanizado,kg,160.0,1479.2448000000002,Lista: Ducto Recto (Galv),
1267,184,8,Transformación,1.0,3.1677600000000004,0.5,Galvanizado,kg,160.0,506.8416000000001,Lista: Transformación (Galv),
1268,184,9,Transf. Red - Cuad,1.0,1.286415065143724,0.5,Galvanizado,un,3524.0,3524.0,Lista: Transf. Red - Cuad (Pieza Esp.),
1269,184,10,Zapato s/ Templador,1.0,,0.5,Galvanizado,un,1320.0,1320.0,Lista: Zapato s/ Templador (Pieza Esp.),
1270,184,11,Ducto Recto,2.0,8.42928,0.5,Galvanizado,kg,160.0,1348.6848,Lista: Ducto Recto (Galv),
1271,184,12,Codo,1.0,2.1934752581127315,0.5,Galvanizado,kg,160.0,350.956041298037,Lista: Codo (Galv),
1272,184,13,Ducto Recto,1.0,4.21464,0.5,Galvanizado,kg,160.0,674.3424,Lista: Ducto Recto (Galv),
1273,184,14,Ducto Recto,1.0,4.21464,0.5,Galvanizado,kg,160.0,674.3424,Lista: Ducto Recto (Galv),
1274,184,15,Codo,1.0,3.292397296844737,0.5,Galvanizado,kg,160.0,526.783567495158,Lista: Codo (Galv),
1275,184,16,Ducto Recto,1.0,3.0578399999999997,0.5,Galvanizado,kg,160.0,489.2543999999999,Lista: Ducto Recto (Galv),
1276,184,17,Ducto Recto,1.0,5.03064,0.5,Galvanizado,kg,160.0,804.9024,Lista: Ducto Recto (Galv),
1277,184,18,Ducto Recto,1.0,3.6496799999999996,0.5,Galvanizado,kg,160.0,583.9487999999999,Lista: Ducto Recto (Galv),
1278,184,19,Tapa,1.0,0.36,0.5,Galvanizado,kg,160.0,57.599999999999994,Lista: Tapa (Galv),
1279,184,20,Zapato s/ Templador,1.0,,0.5,Galvanizado,un,1320.0,1320.0,Lista: Zapato s/ Templador (Pieza Esp.),
1280,185,1,Ducto Recto,1.0,3.7188,0.5,Galvanizado,kg,160.0,595.008,Lista: Ducto Recto (Galv),
1281,185,2,Transf. Red - Cuad,1.0,1.9892116378586784,0.5,Galvanizado,un,3524.0,3524.0,Lista: Transf. Red - Cuad (Pieza Esp.),
1282,185,3,Zapato s/ Templador,1.0,,0.5,Galvanizado,un,1320.0,1320.0,Lista: Zapato s/ Templador (Pieza Esp.),
1283,185,4,Transf. Red - Cuad,1.0,1.4041493914296552,0.5,Galvanizado,un,3524.0,3524.0,Lista: Transf. Red - Cuad (Pieza Esp.),
1284,185,5,Ducto Recto,1.0,1.57016,0.5,Galvanizado,kg,160.0,251.2256,Lista: Ducto Recto (Galv),
1285,185,6,Codo,1.0,2.1934752581127315,0.5,Galvanizado,kg,160.0,350.956041298037,Lista: Codo (Galv),
1286,185,7,Transf. Red - Cuad,1.0,1.132608,0.5,Galvanizado,un,3524.0,3524.0,Lista: Transf. Red - Cuad (Pieza Esp.),
1288,187,1,Unión c/ Lona,1.0,,0.5,Galvanizado,un,2340.0,2340.0,Lista: Unión c/ Lona (Pieza Esp.),
1289,187,2,Ducto Recto,1.0,2.8112399999999997,0.5,Galvanizado,kg,160.0,449.79839999999996,Lista: Ducto Recto (Galv),
1290,187,3,Transformación,1.0,3.03696,0.5,Galvanizado,kg,160.0,485.91360000000003,Lista: Transformación (Galv),
1291,187,4,Ducto Recto,1.0,4.04424,0.5,Galvanizado,kg,160.0,647.0784000000001,Lista: Ducto Recto (Galv),
1292,187,5,Ducto Recto,1.0,1.9234799999999999,0.5,Galvanizado,kg,160.0,307.7568,Lista: Ducto Recto (Galv),
1293,187,6,Codo,1.0,3.292397296844737,0.5,Galvanizado,kg,160.0,526.783567495158,Lista: Codo (Galv),
1294,187,7,Ducto Recto,1.0,5.03064,0.5,Galvanizado,kg,160.0,804.9024,Lista: Ducto Recto (Galv),
1295,187,8,Ducto Recto,1.0,3.9456,0.5,Galvanizado,kg,160.0,631.296,Lista: Ducto Recto (Galv),
1296,187,9,S,1.0,3.4030799999999997,0.5,Galvanizado,kg,160.0,544.4928,Lista: S (Galv),
1297,187,10,Ducto Recto,1.0,3.60036,0.5,Galvanizado,kg,160.0,576.0576,Lista: Ducto Recto (Galv),
1298,187,11,Codo,1.0,3.292397296844737,0.5,Galvanizado,kg,160.0,526.783567495158,Lista: Codo (Galv),
1299,187,12,Ducto Recto,1.0,1.08504,0.5,Galvanizado,kg,160.0,173.6064,Lista: Ducto Recto (Galv),
1300,187,13,Codo,1.0,3.292397296844737,0.5,Galvanizado,kg,160.0,526.783567495158,Lista: Codo (Galv),
1301,187,14,Transf. Red - Cuad,1.0,2.2342741013346825,0.5,Galvanizado,un,3524.0,3524.0,Lista: Transf. Red - Cuad (Pieza Esp.),
1302,187,15,Zapato s/ Templador,1.0,,0.5,Galvanizado,un,1320.0,1320.0,Lista: Zapato s/ Templador (Pieza Esp.),
1303,187,16,Ducto Recto,1.0,2.43788,0.5,Galvanizado,kg,160.0,390.0608,Lista: Ducto Recto (Galv),
1304,187,17,Codo,1.0,2.1934752581127315,0.5,Galvanizado,kg,160.0,350.956041298037,Lista: Codo (Galv),
1305,187,18,Transf. Red - Cuad,1.0,1.6381742900012644,0.5,Galvanizado,un,3524.0,3524.0,Lista: Transf. Red - Cuad (Pieza Esp.),
1306,187,19,Tapa,1.0,0.25,0.5,Galvanizado,kg,160.0,40.0,Lista: Tapa (Galv),
1307,187,20,Ducto Recto,1.0,3.38824,0.5,Galvanizado,kg,160.0,542.1184000000001,Lista: Ducto Recto (Galv),
1308,188,1,Codo,1.0,7.614069528854186,0.5,Galvanizado,kg,160.0,1218.2511246166698,Lista: Codo (Galv),
1309,188,2,S,1.0,8.29464,0.5,Galvanizado,kg,160.0,1327.1424,Lista: S (Galv),
1310,188,3,Ducto Recto,1.0,4.14732,0.5,Galvanizado,kg,160.0,663.5712,Lista: Ducto Recto (Galv),
1311,188,4,Ducto Recto,3.0,24.883919999999996,0.5,Galvanizado,kg,160.0,3981.427199999999,Lista: Ducto Recto (Galv),
1312,188,5,Ducto Recto,1.0,3.4967599999999996,0.5,Galvanizado,kg,160.0,559.4816,Lista: Ducto Recto (Galv),
1313,188,6,Codo,1.0,7.614069528854186,0.5,Galvanizado,kg,160.0,1218.2511246166698,Lista: Codo (Galv),
1314,188,7,Ducto Recto,1.0,8.29464,0.5,Galvanizado,kg,160.0,1327.1424,Lista: Ducto Recto (Galv),
1315,188,8,Ducto Recto,1.0,2.68356,0.5,Galvanizado,kg,160.0,429.3696,Lista: Ducto Recto (Galv),
1316,188,9,Unión c/ Lona,1.0,,0.5,Galvanizado,un,2340.0,2340.0,Lista: Unión c/ Lona (Pieza Esp.),
1317,188,10,Ducto Recto,1.0,2.4395999999999995,0.5,Galvanizado,kg,160.0,390.3359999999999,Lista: Ducto Recto (Galv),
1318,188,11,Ducto Recto,1.0,7.562759999999999,0.5,Galvanizado,kg,160.0,1210.0415999999998,Lista: Ducto Recto (Galv),
1319,189,1,Ducto c/ Templador,3.0,5.95632,0.5,Galvanizado,un,840.0,2520.0,Lista: Ducto c/ Templador (Pieza Esp.),
1320,189,2,Ducto c/ Templador,1.0,2.43144,0.5,Galvanizado,un,840.0,840.0,Lista: Ducto c/ Templador (Pieza Esp.),
1321,189,3,Unión c/ Lona,1.0,,0.5,Galvanizado,un,2340.0,2340.0,Lista: Unión c/ Lona (Pieza Esp.),
1322,190,1,Clips,50.0,36.800000000000004,0.8,Galvanizado,-,0.0,0.0,Manual,Dim: A:100cm B:10cm
1323,191,1,Transformación,1.0,,0.6,Galvanizado,kg,160.0,,Lista: Transformación (Galv),
1324,191,2,Unión c/ Lona,1.0,,0.6,Galvanizado,un,2340.0,2340.0,Lista: Unión c/ Lona (Pieza Esp.),
1325,191,3,S,1.0,4.04424,0.5,Galvanizado,kg,160.0,647.0784000000001,Lista: S (Galv),
1326,191,4,S,1.0,3.0163599999999997,0.5,Galvanizado,kg,160.0,482.6175999999999,Lista: S (Galv),
1327,191,5,Transformación,1.0,2.8089600000000003,0.5,Galvanizado,kg,160.0,449.43360000000007,Lista: Transformación (Galv),
1330,193,1,Transformación,1.0,1.518,0.5,A. Inox,kg,865.0,1313.07,Base A. Inox,"Dim: A:30cm B:25cm C:20cm D:35cm | H: 0,30m | Unión: TDF / TDF | Simetría: Pareja Der. - Simétrica"
1331,193,2,Ducto Recto,1.0,2.7830000000000004,0.5,A. Inox,kg,865.0,2407.2950000000005,Base A. Inox,"Dim: A:20cm B:35cm | H: 0,55m | Unión: TDF / TDF"
1332,193,3,Transf. Red - Cuad,1.0,0.6325,0.5,A. Inox,kg,865.0,547.1125,Base A. Inox,"Dim: A:20cm B:35cm Ø:15cm | H: 0,25m | Unión: TDF / TDF | Simetría: Simétrico"
1333,194,1,Transformación,1.0,2.5944000000000003,0.5,Galvanizado,kg,160.0,415.10400000000004,Lista: Transformación (Galv),Dim: A:67cm B:14cm C:30cm D:30cm | H: 0.4m | Unión: Escuadra / Tapa ciega | Simetría: Superior Parejo
1334,194,2,Transformación,1.0,2.7784000000000004,0.5,Galvanizado,kg,160.0,444.5440000000001,Lista: Transformación (Galv),Dim: A:75cm B:16cm C:30cm D:30cm | H: 0.4m | Unión: Escuadra / Tapa ciega | Simetría: Superior Parejo
1335,194,3,Transformación,1.0,2.8796,0.5,Galvanizado,kg,160.0,460.736,Lista: Transformación (Galv),Dim: A:82.5cm B:14cm C:30cm D:30cm | H: 0.4m | Unión: Escuadra / Tapa ciega | Simetría: Superior Parejo
1336,194,4,Transformación,1.0,2.6863999999999995,0.5,Galvanizado,kg,160.0,429.8239999999999,Lista: Transformación (Galv),Dim: A:72cm B:14cm C:30cm D:30cm | H: 0.4m | Unión: Escuadra / Tapa ciega | Simetría: Superior Parejo
1337,194,5,Caja Difusora,4.0,6.071999999999999,0.5,Galvanizado,un,960.0,3840.0,Lista: Caja Difusora (Pieza Esp.),Dim: A:30cm B:30cm Ø:25cm | H: 0.2m | Unión: Liso / Tapa c/collarin
1338,194,6,Tapa,4.0,1.656,0.5,Galvanizado,kg,160.0,264.96,Lista: Tapa (Galv),Dim: A:30cm B:30cm | Unión: Liso / Liso
1339,194,7,Escuadras,16.0,2.2079999999999997,0.5,Galvanizado,-,0.0,0.0,Manual,Dim: A:60cm B:5cm | Unión: Liso / Liso
1341,196,1,Codo Transfor.,2.0,3.4181010205926317,0.5,Galvanizado,kg,160.0,546.896163294821,Lista: Codo Transfor. (Galv),
1342,196,2,Ducto c/ Aleta,1.0,0.4841544,0.5,Galvanizado,un,840.0,840.0,Lista: Ducto c/ Aleta (Pieza Esp.),
1343,196,3,Codo,1.0,1.3507850519543618,0.5,Galvanizado,kg,160.0,216.1256083126979,Lista: Codo (Galv),
1344,196,4,Ducto Recto,1.0,1.1434799999999998,0.5,Galvanizado,kg,160.0,182.9568,Lista: Ducto Recto (Galv),
1345,196,5,Codo,1.0,1.3507850519543618,0.5,Galvanizado,kg,160.0,216.1256083126979,Lista: Codo (Galv),
1346,196,6,Unión c/ Lona,1.0,,0.5,Galvanizado,un,2340.0,2340.0,Lista: Unión c/ Lona (Pieza Esp.),
1347,196,7,Unión c/ Lona,1.0,,0.6,Galvanizado,un,2340.0,2340.0,Lista: Unión c/ Lona (Pieza Esp.),
1348,196,8,Transformación,1.0,4.3728,0.6,Galvanizado,kg,160.0,699.6479999999999,Lista: Transformación (Galv),
1349,196,9,Ducto Recto,1.0,1.52464,0.5,Galvanizado,kg,160.0,243.9424,Lista: Ducto Recto (Galv),
1352,199,1,Ducto Recto,2.0,9.2736,0.5,Galvanizado,kg,160.0,1483.776,Lista: Ducto Recto (Galv),Dim: A:75.5cm B:50.5cm | H: 0.40m | Unión: Triple 50 / Liso
1353,200,1,Codo,4.0,3.560815104,0.5,Galvanizado,kg,160.0,569.73041664,Lista: Codo (Galv),Dim: A:14cm B:14cm | Ang: 90° | Unión: Liso / Liso | Simetría: Simétrico
1356,203,1,Ducto Recto,1.0,1.38,0.5,A. Inox,kg,865.0,1193.6999999999998,Base A. Inox,"Dim: A:30cm B:20cm | H: 0,3m | Unión: Liso / Escuadra"
1357,204,1,Pleno,1.0,10.0,0.6,Galvanizado,un,12000.0,12000.0,Lista: Pleno (Pieza Esp.),
1358,204,2,Transformación,1.0,25.0,1.0,Galvanizado,kg,160.0,,Lista: Transformación (Galv),
1359,204,3,Zapato s/ Templador,1.0,1.2,0.5,Galvanizado,un,1320.0,1320.0,Lista: Zapato s/ Templador (Pieza Esp.),
1360,205,1,Rejilla de proteccion vex,1.0,5.818999999999999,0.5,Galvanizado,-,0.0,0.0,Manual,Dim: A:110cm B:115cm | Unión: Malla / Malla
1361,206,1,Caja Difusora,6.0,8.97345,0.5,Galvanizado,un,960.0,5760.0,Lista: Caja Difusora (Pieza Esp.),Dim: A:25.5cm B:25.5cm H:0.255m Ø:14.8cm | Unión: Escuadra / Tapa c/collarin
1362,206,2,Caja Difusora,8.0,7.9488,0.5,Galvanizado,un,960.0,7680.0,Lista: Caja Difusora (Pieza Esp.),Dim: A:20cm B:20cm H:0.22m Ø:98cm | Unión: Escuadra / Tapa c/collarin
1363,206,3,Caja Difusora,8.0,21.938688,0.5,Galvanizado,un,960.0,7680.0,Lista: Caja Difusora (Pieza Esp.),Dim: A:36.8cm B:36.8cm H:0.313m Ø:17.8cm | Unión: Escuadra / Tapa c/collarin
1364,207,1,Ducto Recto,2.0,5.52,0.5,Galvanizado,kg,160.0,883.1999999999999,Lista: Ducto Recto (Galv),Dim: A:15cm B:15cm H:1m | Unión: Balleta / Balleta
1365,207,2,Tapa,1.0,0.1035,0.5,Galvanizado,kg,160.0,16.56,Lista: Tapa (Galv),Dim: A:15cm B:15cm | Unión: Liso / Liso
1366,207,3,Collarín c/ Templador,1.0,0.0,0.5,Galvanizado,un,504.0,504.0,Lista: Collarín c/ Templador (Pieza Esp.),Dim: H:15m Ø:10cm | Unión: Liso / Liso
1371,210,1,Caja Difusora,1.0,1.4955749999999999,0.5,Galvanizado,un,960.0,960.0,Lista: Caja Difusora (Pieza Esp.),Dim: A:25.5cm B:25.5cm H:0.255m Ø:15cm | Unión: Escuadra / Tapa c/collarin
1372,210,2,Caja Difusora,8.0,7.9488,0.5,Galvanizado,un,960.0,7680.0,Lista: Caja Difusora (Pieza Esp.),Dim: A:20cm B:20cm H:0.220m Ø:15cm | Unión: Escuadra / Tapa c/collarin
1380,212,1,Medio Codo,2.0,12.341842529166605,0.5,Galvanizado,kg,160.0,1974.6948046666569,Lista: Medio Codo (Galv),
1381,212,2,Transformación,1.0,1.68544,0.5,Galvanizado,kg,160.0,269.67040000000003,Lista: Transformación (Galv),
1382,212,3,Medio Codo,2.0,6.497984610158721,0.5,Galvanizado,kg,160.0,1039.6775376253954,Lista: Medio Codo (Galv),
1383,212,4,Ducto recto,2.0,10.983919999999998,0.5,Galvanizado,kg,160.0,1757.4271999999996,Lista: Ducto Recto (Galv),
1384,212,5,Codo,1.0,2.390523348369552,0.5,Galvanizado,kg,160.0,382.4837357391283,Lista: Codo (Galv),
1385,212,6,Transformación,1.0,1.8234400000000002,0.5,Galvanizado,kg,160.0,291.7504,Lista: Transformación (Galv),
1386,212,7,Ducto recto,1.0,4.25596,0.5,Galvanizado,kg,160.0,680.9536,Lista: Ducto Recto (Galv),
1391,214,1,Ducto Recto,7.0,61.17999999999999,0.5,A. Inox,kg,865.0,52920.7,Base A. Inox,Dim: A:70cm B:25cm H:1m | Unión: TDF / TDF
1392,214,2,Codo,1.0,3.7754177999999996,0.5,A. Inox,kg,865.0,3265.7363969999997,Base A. Inox,Dim: A:25cm B:70cm | Ang: 10° | Unión: TDF / TDF | Simetría: Cuadrado
1393,214,3,Medio Codo,2.0,7.550835599999999,0.5,A. Inox,kg,865.0,6531.472793999999,Base A. Inox,Dim: A:25cm B:70cm | Ang: 45° | Unión: TDF / TDF | Simetría: Simétrico
1394,215,1,Codo,1.0,3.052849799999999,0.5,Galvanizado,kg,160.0,488.4559679999998,Lista: Codo (Galv),Dim: A:35cm B:30cm | Ang: 90° | Unión: Balleta / Balleta | Simetría: Cuadrado
1395,215,2,Transformación,1.0,1.4375,0.5,Galvanizado,kg,160.0,230.0,Lista: Transformación (Galv),Dim: A:35cm B:30cm C:35cm D:25cm H:0.25m | Unión: Balleta / Balleta | Simetría: Simétrica - Inf. Pareja
1396,215,3,Transformación,1.0,1.7020000000000002,0.5,Galvanizado,kg,160.0,272.32000000000005,Lista: Transformación (Galv),Dim: A:70cm B:15cm C:70cm D:30cm H:0.20m | Unión: Balleta / Balleta | Simetría: Simétrica - Inf. Pareja
1397,215,4,S,1.0,1.9319999999999997,0.5,Galvanizado,kg,160.0,309.11999999999995,Lista: S (Galv),Dim: A:25cm B:35cm d:12cm H:0.35m | Unión: Balleta / Balleta
1398,216,1,Transformación,1.0,,0.5,Galvanizado,kg,160.0,,Lista: Transformación (Galv),
1399,216,2,Unión c/ Lona,1.0,,0.5,Galvanizado,un,2340.0,2340.0,Lista: Unión c/ Lona (Pieza Esp.),
1400,216,3,Codo,1.0,3.292397296844737,0.5,Galvanizado,kg,160.0,526.783567495158,Lista: Codo (Galv),
1401,216,4,Ducto Recto,1.0,5.03064,0.5,Galvanizado,kg,160.0,804.9024,Lista: Ducto Recto (Galv),
1402,216,5,Ducto Recto,1.0,1.67688,0.5,Galvanizado,kg,160.0,268.3008,Lista: Ducto Recto (Galv),
1403,216,6,Transf. Red - Cuad,1.0,1.4363190651437245,0.5,Galvanizado,un,3524.0,3524.0,Lista: Transf. Red - Cuad (Pieza Esp.),
1404,216,7,Ducto Recto,1.0,4.21464,0.5,Galvanizado,kg,160.0,674.3424,Lista: Ducto Recto (Galv),
1405,216,8,Ducto Recto,1.0,2.6444799999999997,0.5,Galvanizado,kg,160.0,423.11679999999996,Lista: Ducto Recto (Galv),
1406,216,9,Codo,1.0,2.1934752581127315,0.5,Galvanizado,kg,160.0,350.956041298037,Lista: Codo (Galv),
1407,216,10,Transf. Red - Cuad,1.0,1.286415065143724,0.5,Galvanizado,un,3524.0,3524.0,Lista: Transf. Red - Cuad (Pieza Esp.),
1408,216,11,Medio Codo,2.0,13.192652488581876,0.5,Galvanizado,kg,160.0,2110.8243981731002,Lista: Medio Codo (Galv),
1409,216,12,Ducto Recto,1.0,7.4786399999999995,0.5,Galvanizado,kg,160.0,1196.5824,Lista: Ducto Recto (Galv),
1410,216,13,Ducto Recto,1.0,1.6130399999999998,0.5,Galvanizado,kg,160.0,258.08639999999997,Lista: Ducto Recto (Galv),
1411,216,14,S,1.0,7.4786399999999995,0.5,Galvanizado,kg,160.0,1196.5824,Lista: S (Galv),
1412,216,15,Ducto Recto,1.0,7.4786399999999995,0.5,Galvanizado,kg,160.0,1196.5824,Lista: Ducto Recto (Galv),
1413,216,16,Ducto Recto,1.0,4.912439999999999,0.5,Galvanizado,kg,160.0,785.9903999999999,Lista: Ducto Recto (Galv),
1414,217,1,Ducto Recto,1.0,7.123824,0.6,Galvanizado,kg,160.0,1139.81184,Lista: Ducto Recto (Galv),
1415,217,2,Ducto Recto,1.0,7.240607999999999,0.6,Galvanizado,kg,160.0,1158.4972799999998,Lista: Ducto Recto (Galv),
1416,217,3,Ducto Recto,1.0,4.321007999999999,0.6,Galvanizado,kg,160.0,691.3612799999999,Lista: Ducto Recto (Galv),
1417,217,4,Ducto Recto,2.0,16.816895999999996,0.6,Galvanizado,kg,160.0,2690.7033599999995,Lista: Ducto Recto (Galv),
1418,217,5,Ducto Recto,1.0,6.391248,0.6,Galvanizado,kg,160.0,1022.59968,Lista: Ducto Recto (Galv),
1419,217,6,Ducto Recto,1.0,8.974943999999999,0.6,Galvanizado,kg,160.0,1435.9910399999999,Lista: Ducto Recto (Galv),
1420,217,7,Ducto Recto,1.0,10.470768,0.6,Galvanizado,kg,160.0,1675.32288,Lista: Ducto Recto (Galv),
1421,217,8,Unión c/ Lona,1.0,,0.6,Galvanizado,un,2340.0,2340.0,Lista: Unión c/ Lona (Pieza Esp.),
1422,217,9,Transformación,1.0,8.725631999999997,0.6,Galvanizado,kg,160.0,1396.1011199999996,Lista: Transformación (Galv),
1423,217,10,Transformación,1.0,9.320832,0.6,Galvanizado,kg,160.0,1491.3331199999998,Lista: Transformación (Galv),
1424,217,11,Ducto Recto,1.0,8.83896,0.6,Galvanizado,kg,160.0,1414.2336,Lista: Ducto Recto (Galv),
1425,217,12,Codo Transfor.,1.0,6.047751072894223,0.5,Galvanizado,kg,160.0,967.6401716630756,Lista: Codo Transfor. (Galv),
1426,217,13,Codo,1.0,5.939600644490826,0.5,Galvanizado,kg,160.0,950.336103118532,Lista: Codo (Galv),
1427,217,14,Ducto Recto,1.0,3.9846799999999996,0.5,Galvanizado,kg,160.0,637.5487999999999,Lista: Ducto Recto (Galv),
1428,217,15,Unión c/ Lona,1.0,,0.5,Galvanizado,un,2340.0,2340.0,Lista: Unión c/ Lona (Pieza Esp.),
1429,217,16,Transformación,1.0,3.7497600000000006,0.5,Galvanizado,kg,160.0,599.9616000000001,Lista: Transformación (Galv),
1430,217,17,S,1.0,5.692399999999999,0.5,Galvanizado,kg,160.0,910.7839999999999,Lista: S (Galv),
1431,218,1,Ducto Recto,2.0,10.06128,0.5,Galvanizado,kg,160.0,1609.8048,Lista: Ducto Recto (Galv),
1432,218,2,Ducto Recto,1.0,3.0578399999999997,0.5,Galvanizado,kg,160.0,489.2543999999999,Lista: Ducto Recto (Galv),
1433,218,3,Codo,1.0,3.292397296844737,0.5,Galvanizado,kg,160.0,526.783567495158,Lista: Codo (Galv),
1434,218,4,Ducto Recto,2.0,10.06128,0.5,Galvanizado,kg,160.0,1609.8048,Lista: Ducto Recto (Galv),
1435,218,5,Ducto Recto,1.0,1.7262,0.5,Galvanizado,kg,160.0,276.192,Lista: Ducto Recto (Galv),
1436,218,6,Transformación,1.0,2.9457600000000004,0.5,Galvanizado,kg,160.0,471.32160000000005,Lista: Transformación (Galv),
1437,218,7,Ducto Recto,1.0,4.6226400000000005,0.5,Galvanizado,kg,160.0,739.6224000000001,Lista: Ducto Recto (Galv),
1438,218,8,Ducto Recto,1.0,2.80984,0.5,Galvanizado,kg,160.0,449.57439999999997,Lista: Ducto Recto (Galv),
1439,218,9,Transf. Red - Cuad,1.0,0.829088492571862,0.5,Galvanizado,un,3524.0,3524.0,Lista: Transf. Red - Cuad (Pieza Esp.),
1440,218,10,Zapato s/ Templador,1.0,,0.5,Galvanizado,un,1320.0,1320.0,Lista: Zapato s/ Templador (Pieza Esp.),
1441,218,11,Ducto Recto,1.0,2.0658399999999997,0.5,Galvanizado,kg,160.0,330.53439999999995,Lista: Ducto Recto (Galv),
1442,218,12,Codo,1.0,1.6595372422023145,0.5,Galvanizado,kg,160.0,265.52595875237034,Lista: Codo (Galv),
1443,218,13,Ducto Recto,2.0,6.797280000000001,0.5,Galvanizado,kg,160.0,1087.5648,Lista: Ducto Recto (Galv),
1444,218,14,Transf. Red - Cuad,1.0,0.7923819080005058,0.5,Galvanizado,un,3524.0,3524.0,Lista: Transf. Red - Cuad (Pieza Esp.),
1445,218,15,Zapato s/ Templador,1.0,,0.5,Galvanizado,un,1320.0,1320.0,Lista: Zapato s/ Templador (Pieza Esp.),
1446,218,16,Ducto Recto,1.0,1.39944,0.5,Galvanizado,kg,160.0,223.9104,Lista: Ducto Recto (Galv),
1447,218,17,Codo,1.0,1.6595372422023145,0.5,Galvanizado,kg,160.0,265.52595875237034,Lista: Codo (Galv),
1448,218,18,Ducto Recto,1.0,0.8663199999999999,0.5,Galvanizado,kg,160.0,138.61119999999997,Lista: Ducto Recto (Galv),
1449,218,19,Codo,1.0,1.6595372422023145,0.5,Galvanizado,kg,160.0,265.52595875237034,Lista: Codo (Galv),
1450,218,20,Codo,1.0,1.6595372422023145,0.5,Galvanizado,kg,160.0,265.52595875237034,Lista: Codo (Galv),
1451,219,1,Transf. Red - Cuad,1.0,,0.5,Galvanizado,un,3524.0,3524.0,Lista: Transf. Red - Cuad (Pieza Esp.),
1452,219,2,Zapato c/ Templador,1.0,0.4036,0.5,Galvanizado,un,1320.0,1320.0,Lista: Zapato c/ Templador (Pieza Esp.),
1453,219,3,Ducto Recto,1.0,1.39944,0.5,Galvanizado,kg,160.0,223.9104,Lista: Ducto Recto (Galv),
1454,219,4,Codo,1.0,1.6595372422023145,0.5,Galvanizado,kg,160.0,265.52595875237034,Lista: Codo (Galv),
1455,219,5,Ducto Recto,1.0,0.7330399999999999,0.5,Galvanizado,kg,160.0,117.28639999999999,Lista: Ducto Recto (Galv),
1456,219,6,Zapato s/ Templador,1.0,,0.5,Galvanizado,un,1320.0,1320.0,Lista: Zapato s/ Templador (Pieza Esp.),
1457,219,7,Ducto Recto,1.0,2.1324799999999997,0.5,Galvanizado,kg,160.0,341.19679999999994,Lista: Ducto Recto (Galv),
1458,219,8,Codo,1.0,1.6595372422023145,0.5,Galvanizado,kg,160.0,265.52595875237034,Lista: Codo (Galv),
1459,219,9,Ducto Recto,2.0,6.797280000000001,0.5,Galvanizado,kg,160.0,1087.5648,Lista: Ducto Recto (Galv),
1460,219,10,Zapato s/ Templador,1.0,,0.5,Galvanizado,un,1320.0,1320.0,Lista: Zapato s/ Templador (Pieza Esp.),
1461,219,11,Ducto Recto,1.0,1.39944,0.5,Galvanizado,kg,160.0,223.9104,Lista: Ducto Recto (Galv),
1462,219,12,Codo,1.0,1.6595372422023145,0.5,Galvanizado,kg,160.0,265.52595875237034,Lista: Codo (Galv),
1463,219,13,Ducto Recto,1.0,3.3986400000000003,0.5,Galvanizado,kg,160.0,543.7824,Lista: Ducto Recto (Galv),
1464,219,14,Ducto Recto,1.0,1.23284,0.5,Galvanizado,kg,160.0,197.25439999999998,Lista: Ducto Recto (Galv),
1465,219,15,Codo,1.0,1.6595372422023145,0.5,Galvanizado,kg,160.0,265.52595875237034,Lista: Codo (Galv),
1466,219,16,Transf. Red - Cuad,1.0,1.018776738857793,0.5,Galvanizado,un,3524.0,3524.0,Lista: Transf. Red - Cuad (Pieza Esp.),
1467,220,1,S,1.0,3.4708799999999997,0.5,Galvanizado,kg,160.0,555.3408,Lista: S (Galv),
1468,220,2,S,1.0,4.04424,0.5,Galvanizado,kg,160.0,647.0784000000001,Lista: S (Galv),
1469,220,3,Codo,6.0,13.160851548676389,0.5,Galvanizado,kg,160.0,2105.736247788222,Lista: Codo (Galv),
1471,222,1,Caja Difusora,4.0,8.61304,0.5,Galvanizado,un,960.0,3840.0,Lista: Caja Difusora (Pieza Esp.),Dim: A:31cm B:31cm H:0.30m Ø:25cm | Unión: Tapa c/collarin / Liso
1472,223,1,Ducto Recto,1.0,5.151999999999999,0.5,Galvanizado,kg,160.0,824.3199999999999,Lista: Ducto Recto (Galv),"Dim: A:55cm B:25cm H:0,7m | Unión: TDF / TDF"
1473,223,2,Transf. Red - Cuad,1.0,1.4720000000000002,0.5,Galvanizado,un,3524.0,3524.0,Lista: Transf. Red - Cuad (Pieza Esp.),"Dim: A:55cm B:25cm H:0,4m Ø:30cm | Unión: TDF / Liso | Simetría: Simétrico"
1474,223,3,Transf. Red - Cuad,1.0,1.196,0.5,Galvanizado,un,3524.0,3524.0,Lista: Transf. Red - Cuad (Pieza Esp.),"Dim: A:40cm B:25cm H:0,4m Ø:30cm | Unión: TDF / Liso | Simetría: Simétrico"
1475,223,4,Ducto Recto,1.0,4.185999999999999,0.5,Galvanizado,kg,160.0,669.7599999999999,Lista: Ducto Recto (Galv),"Dim: A:40cm B:25cm H:0,7m | Unión: TDF / TDF"
1476,224,1,Caja Difusora,2.0,4.691999999999999,0.5,Galvanizado,un,960.0,1920.0,Lista: Caja Difusora (Pieza Esp.),"Dim: A:30cm B:30cm H:0,35m Ø:30cm | Unión: Liso / Liso"
1477,225,1,S,1.0,1.7664,0.5,A. Inox,kg,865.0,1527.936,Base A. Inox,"Dim: A:35cm B:25cm d:10cm H:0,32m | Unión: Balleta / Balleta"
1561,238,1,S,1.0,6.624,0.5,Galvanizado,kg,160.0,1059.84,Lista: S (Galv),Dim: A:60cm B:40cm d:52cm H:0.72m | Unión: TDF / TDF
1562,238,2,Unión c/ Lona,1.0,2.9440000000000004,0.5,Galvanizado,un,2340.0,2340.0,Lista: Unión c/ Lona (Pieza Esp.),Dim: A:100cm B:60cm H:0.20m | Unión: TDF / Escuadra
1579,243,1,Caja Difusora,29.0,80.2460333297318,0.5,Galvanizado,un,960.0,27840.0,Lista: Caja Difusora (Pieza Esp.),
1580,243,2,Caja Difusora,1.0,2.767104597576959,0.5,Galvanizado,un,960.0,960.0,Lista: Caja Difusora (Pieza Esp.),
1581,243,3,Caja Difusora,14.0,20.133718319109146,0.5,Galvanizado,un,960.0,13440.0,Lista: Caja Difusora (Pieza Esp.),
1582,243,4,Caja Difusora,1.0,1.4381227370792247,0.5,Galvanizado,un,960.0,960.0,Lista: Caja Difusora (Pieza Esp.),
1583,244,1,Ducto Recto,1.0,4.020639999999999,0.5,Galvanizado,kg,160.0,643.3023999999999,Lista: Ducto Recto (Galv),
1584,244,2,Ducto Recto,1.0,7.500039999999999,0.5,Galvanizado,kg,160.0,1200.0064,Lista: Ducto Recto (Galv),
1585,244,3,Unión c/ Lona,1.0,,0.5,Galvanizado,un,2340.0,2340.0,Lista: Unión c/ Lona (Pieza Esp.),
1586,244,4,Codo,1.0,5.022636116507888,0.5,Galvanizado,kg,160.0,803.6217786412622,Lista: Codo (Galv),
1587,244,5,Pleno,1.0,,1.0,Galvanizado,un,12000.0,12000.0,Lista: Pleno (Pieza Esp.),
1588,244,6,Ducto Recto,1.0,5.10312,0.5,Galvanizado,kg,160.0,816.4992,Lista: Ducto Recto (Galv),
1589,244,7,Unión c/ Lona,1.0,,0.5,Galvanizado,un,2340.0,2340.0,Lista: Unión c/ Lona (Pieza Esp.),
1590,244,8,Ducto Recto,1.0,1.1730399999999999,0.5,Galvanizado,kg,160.0,187.6864,Lista: Ducto Recto (Galv),
1591,244,9,Unión c/ Lona,1.0,,0.5,Galvanizado,un,2340.0,2340.0,Lista: Unión c/ Lona (Pieza Esp.),
1592,244,10,Codo,1.0,2.387245157239298,0.5,Galvanizado,kg,160.0,381.9592251582877,Lista: Codo (Galv),
1593,244,11,Unión c/ Lona,1.0,,0.5,Galvanizado,un,2340.0,2340.0,Lista: Unión c/ Lona (Pieza Esp.),
1594,244,12,Codo,1.0,3.7645123050793607,0.5,Galvanizado,kg,160.0,602.3219688126977,Lista: Codo (Galv),
1595,244,13,S,1.0,5.4386399999999995,0.5,Galvanizado,kg,160.0,870.1823999999999,Lista: S (Galv),
1596,244,14,S,1.0,5.172039999999999,0.5,Galvanizado,kg,160.0,827.5263999999999,Lista: S (Galv),
1597,244,15,Transformación,1.0,2.08896,0.5,Galvanizado,kg,160.0,334.2336,Lista: Transformación (Galv),
1598,244,16,Transformación,1.0,3.8361600000000005,0.5,Galvanizado,kg,160.0,613.7856,Lista: Transformación (Galv),
1599,244,17,Codo,1.0,3.238742430068276,0.5,Galvanizado,kg,160.0,518.1987888109242,Lista: Codo (Galv),
1600,244,18,Unión c/ Lona,1.0,,0.5,Galvanizado,un,2340.0,2340.0,Lista: Unión c/ Lona (Pieza Esp.),
1601,244,19,S,1.0,2.7192,0.5,Galvanizado,kg,160.0,435.072,Lista: S (Galv),
1602,244,20,S,1.0,3.1992,0.5,Galvanizado,kg,160.0,511.87199999999996,Lista: S (Galv),
1606,247,1,S,1.0,5.667199999999999,0.5,Galvanizado,kg,160.0,906.752,Lista: S (Galv),Dim: A:40cm B:100cm d:8cm H:44cm | Unión: TDF / TDF
1608,249,1,Ducto Recto,2.0,9.108,0.5,Galvanizado,kg,160.0,1457.2800000000002,Lista: Ducto Recto (Galv),Dim: A:30cm B:25cm H:90cm | Unión: TDF / TDF
1610,251,1,Transformación,1.0,,0.5,Galvanizado,kg,160.0,,Lista: Transformación (Galv),
1611,251,2,Pleno,1.0,,,Galvanizado,un,12000.0,12000.0,Lista: Pleno (Pieza Esp.),
1612,251,3,Transformación,1.0,4.035072,0.6,Galvanizado,kg,160.0,645.61152,Lista: Transformación (Galv),
1613,251,4,Ducto Recto,1.0,3.1226879999999997,0.6,Galvanizado,kg,160.0,499.63007999999996,Lista: Ducto Recto (Galv),
1614,251,5,S,1.0,8.78256,0.6,Galvanizado,kg,160.0,1405.2096000000001,Lista: S (Galv),
1615,251,6,Medio Codo,2.0,0.17748741855720893,0.5,Galvanizado,kg,160.0,28.39798696915343,Lista: Medio Codo (Galv),
1616,251,7,Ducto Cilindrico,2.0,5.813266776461628,0.5,Galvanizado,kg,216.0,1255.6656237157117,Lista: Ducto Cilindrico (Galv),
1620,253,1,S,1.0,2.8703999999999996,0.5,Galvanizado,kg,160.0,459.26399999999995,Lista: S (Galv),Dim: A:20cm B:45cm d:10cm H:48cm | Unión: TDF / TDF
1621,254,1,Pleno,1.0,0.0,,Galvanizado,un,12000.0,12000.0,Lista: Pleno (Pieza Esp.),
1622,254,2,Ducto Recto,1.0,3.1226879999999997,0.6,Galvanizado,kg,160.0,499.63007999999996,Lista: Ducto Recto (Galv),
1623,254,3,Unión c/ Lona,1.0,,0.5,Galvanizado,un,2340.0,2340.0,Lista: Unión c/ Lona (Pieza Esp.),
1624,254,4,Transformación,1.0,7.6043520000000004,0.6,Galvanizado,kg,160.0,1216.69632,Lista: Transformación (Galv),
1625,254,5,S,1.0,8.977727999999999,0.6,Galvanizado,kg,160.0,1436.4364799999998,Lista: S (Galv),
1626,254,6,Ducto Recto,2.0,16.58928,0.5,Galvanizado,kg,160.0,2654.2848,Lista: Ducto Recto (Galv),
1627,254,7,Unión c/ Lona,1.0,,0.5,Galvanizado,un,2340.0,2340.0,Lista: Unión c/ Lona (Pieza Esp.),
1628,254,8,Transformación,1.0,6.4152000000000005,0.5,Galvanizado,kg,160.0,1026.432,Lista: Transformación (Galv),
1629,254,9,Unión c/ Lona,1.0,,0.5,Galvanizado,un,2340.0,2340.0,Lista: Unión c/ Lona (Pieza Esp.),
1630,254,10,Transformación,1.0,3.7228800000000004,0.5,Galvanizado,kg,160.0,595.6608000000001,Lista: Transformación (Galv),
1631,254,11,Ducto Recto,1.0,2.56464,0.5,Galvanizado,kg,160.0,410.3424,Lista: Ducto Recto (Galv),
1636,259,1,Ducto Recto,1.0,5.9799999999999995,0.5,Galvanizado,kg,160.0,956.8,Lista: Ducto Recto (Galv),Dim: A:45cm B:20cm H:100cm | Unión: Balleta / Balleta
1637,260,1,Transformación,1.0,5.253199999999999,0.5,Galvanizado,kg,160.0,840.5119999999998,Lista: Transformación (Galv),"Dim: A:151,5cm B:14cm C:90cm D:30cm H:40cm | Unión: Pestaña 15 / Tapa ciega | Simetría: Simétrico"
1638,260,2,Collarín,2.0,1.0838519999999998,0.5,Galvanizado,un,504.0,1008.0,Lista: Collarín (Pieza Esp.),Dim: H:15cm Ø:25cm | Unión: Liso / Liso
1639,260,3,Collarín,1.0,0.43354079999999995,0.5,Galvanizado,un,504.0,504.0,Lista: Collarín (Pieza Esp.),Dim: H:15cm Ø:20cm | Unión: Liso / Liso
1640,261,1,Caja Difusora Esp.,5.0,17.83172398001661,0.5,Galvanizado,un,960.0,4800.0,Lista: Caja Difusora Esp. (Pieza Esp.),
1641,261,2,Caja Difusora Esp.,1.0,2.1407447960033217,0.5,Galvanizado,un,960.0,960.0,Lista: Caja Difusora Esp. (Pieza Esp.),
1642,262,1,Ducto Recto,2.0,1.8574399999999998,0.5,Galvanizado,kg,160.0,297.19039999999995,Lista: Ducto Recto (Galv),
1643,262,2,Ducto Recto,1.0,2.7147200000000002,0.5,Galvanizado,kg,160.0,434.3552,Lista: Ducto Recto (Galv),
1644,262,3,Ducto Recto,1.0,1.28592,0.5,Galvanizado,kg,160.0,205.7472,Lista: Ducto Recto (Galv),
1645,262,4,Ducto Recto,1.0,2.7861599999999997,0.5,Galvanizado,kg,160.0,445.78559999999993,Lista: Ducto Recto (Galv),
1646,262,5,Ducto Recto,2.0,6.14384,0.5,Galvanizado,kg,160.0,983.0144,Lista: Ducto Recto (Galv),
1647,262,6,Ducto Recto,1.0,1.3222399999999999,0.5,Galvanizado,kg,160.0,211.55839999999998,Lista: Ducto Recto (Galv),
1648,262,7,Transformación,2.0,4.585920000000001,0.5,Galvanizado,kg,160.0,733.7472000000001,Lista: Transformación (Galv),
1649,262,8,Unión c/ Lona,1.0,,0.5,Galvanizado,un,2340.0,2340.0,Lista: Unión c/ Lona (Pieza Esp.),
1650,263,1,Unión c/ Lona,1.0,0.9199999999999999,0.5,Galvanizado,un,2340.0,2340.0,Lista: Unión c/ Lona (Pieza Esp.),Dim: A:25cm B:25cm H:20cm | Unión: TDF / TDF
1651,264,1,S,1.0,5.795999999999999,0.5,Galvanizado,kg,160.0,927.3599999999999,Lista: S (Galv),Dim: A:30cm B:40cm d:12cm H:90cm | Unión: TDF / TDF
1652,265,1,Unión c/ Lona,1.0,,0.5,Galvanizado,un,2340.0,2340.0,Lista: Unión c/ Lona (Pieza Esp.),
1653,265,2,Transformación,1.0,4.204,0.5,Galvanizado,kg,160.0,672.64,Lista: Transformación (Galv),
1654,265,3,Unión c/ Lona,1.0,,0.5,Galvanizado,un,2340.0,2340.0,Lista: Unión c/ Lona (Pieza Esp.),
1655,265,4,Transformación,1.0,3.4473600000000006,0.5,Galvanizado,kg,160.0,551.5776000000001,Lista: Transformación (Galv),
1656,265,5,S,1.0,4.2286399999999995,0.5,Galvanizado,kg,160.0,676.5823999999999,Lista: S (Galv),
1657,265,6,Unión c/ Lona,1.0,,0.5,Galvanizado,un,2340.0,2340.0,Lista: Unión c/ Lona (Pieza Esp.),
1658,265,7,Transformación,1.0,6.40256,0.5,Galvanizado,kg,160.0,1024.4096,Lista: Transformación (Galv),
1659,265,8,Ducto Recto,1.0,7.4786399999999995,0.5,Galvanizado,kg,160.0,1196.5824,Lista: Ducto Recto (Galv),
1660,265,9,Unión c/ Lona,1.0,,0.5,Galvanizado,un,2340.0,2340.0,Lista: Unión c/ Lona (Pieza Esp.),
1661,265,10,Transf. Red - Cuad,1.0,1.8464841600000002,0.5,Galvanizado,un,3524.0,3524.0,Lista: Transf. Red - Cuad (Pieza Esp.),
1662,265,11,Zapato s/ Templador,1.0,,0.5,Galvanizado,un,1320.0,1320.0,Lista: Zapato s/ Templador (Pieza Esp.),
1663,265,12,Ducto c/ Templador,1.0,2.63664,0.5,Galvanizado,un,840.0,840.0,Lista: Ducto c/ Templador (Pieza Esp.),
1664,266,1,Ducto Cilindrico,2.0,0.0,,Galvanizado,kg,216.0,0.0,Lista: Ducto Cilindrico (Galv),
1665,266,2,Medio Codo,2.0,0.17748741855720893,0.5,Galvanizado,kg,160.0,28.39798696915343,Lista: Medio Codo (Galv),
1666,267,1,Medio Codo,1.0,2.1934752581127315,0.5,Galvanizado,kg,160.0,350.956041298037,Lista: Medio Codo (Galv),
1667,267,2,Ducto Recto,1.0,2.14864,0.5,Galvanizado,kg,160.0,343.7824,Lista: Ducto Recto (Galv),
1668,267,3,Ducto Recto,1.0,3.18164,0.5,Galvanizado,kg,160.0,509.06239999999997,Lista: Ducto Recto (Galv),
1669,267,4,Medio Codo,3.0,6.580425774338194,0.5,Galvanizado,kg,160.0,1052.868123894111,Lista: Medio Codo (Galv),
1670,267,5,Ducto Recto,1.0,2.5618399999999997,0.5,Galvanizado,kg,160.0,409.89439999999996,Lista: Ducto Recto (Galv),
1671,267,6,Pleno,1.0,0.0,,Galvanizado,un,12000.0,12000.0,Lista: Pleno (Pieza Esp.),
1672,268,1,Unión c/ Lona,1.0,1.6928,0.5,Galvanizado,un,2340.0,2340.0,Lista: Unión c/ Lona (Pieza Esp.),Dim: A:46cm B:46cm H:20cm | Unión: TDF / Pestaña 30
1673,269,1,Unión c/ Lona,1.0,1.7111999999999998,0.5,Galvanizado,un,2340.0,2340.0,Lista: Unión c/ Lona (Pieza Esp.),Dim: A:60cm B:33cm H:20cm | Unión: TDF / Pestaña 30
1674,270,1,Caja Difusora Esp.,5.0,19.110596092109542,0.5,Galvanizado,un,960.0,4800.0,Lista: Caja Difusora Esp. (Pieza Esp.),
1675,270,2,Caja Difusora Esp.,1.0,1.8901192184219082,0.5,Galvanizado,un,960.0,960.0,Lista: Caja Difusora Esp. (Pieza Esp.),
1676,271,1,Transformación,1.0,,0.5,Galvanizado,kg,160.0,,Lista: Transformación (Galv),
1677,271,2,Unión c/ Lona,1.0,,0.5,Galvanizado,un,2340.0,2340.0,Lista: Unión c/ Lona (Pieza Esp.),
1678,271,3,Codo,1.0,3.292397296844737,0.5,Galvanizado,kg,160.0,526.783567495158,Lista: Codo (Galv),
1679,271,4,Ducto Recto,1.0,5.03064,0.5,Galvanizado,kg,160.0,804.9024,Lista: Ducto Recto (Galv),
1680,271,5,Ducto Recto,1.0,1.67688,0.5,Galvanizado,kg,160.0,268.3008,Lista: Ducto Recto (Galv),
1681,271,6,Transf. Red - Cuad,1.0,1.4363190651437245,0.5,Galvanizado,un,3524.0,3524.0,Lista: Transf. Red - Cuad (Pieza Esp.),
1682,271,7,Ducto Recto,1.0,4.21464,0.5,Galvanizado,kg,160.0,674.3424,Lista: Ducto Recto (Galv),
1683,271,8,Ducto Recto,1.0,2.6444799999999997,0.5,Galvanizado,kg,160.0,423.11679999999996,Lista: Ducto Recto (Galv),
1684,271,9,Codo,1.0,2.1934752581127315,0.5,Galvanizado,kg,160.0,350.956041298037,Lista: Codo (Galv),
1685,271,10,Transf. Red - Cuad,1.0,1.286415065143724,0.5,Galvanizado,un,3524.0,3524.0,Lista: Transf. Red - Cuad (Pieza Esp.),
1686,271,11,Ducto Recto,3.0,12.643920000000001,0.5,Galvanizado,kg,160.0,2023.0272000000002,Lista: Ducto Recto (Galv),
1687,271,12,Ducto Recto,1.0,1.61148,0.5,Galvanizado,kg,160.0,257.8368,Lista: Ducto Recto (Galv),
1688,271,13,Codo,1.0,2.1934752581127315,0.5,Galvanizado,kg,160.0,350.956041298037,Lista: Codo (Galv),
1689,271,14,Ducto c/ Templador,1.0,1.5722399999999999,0.5,Galvanizado,un,840.0,840.0,Lista: Ducto c/ Templador (Pieza Esp.),
1690,272,1,Caja Difusora Esp.,10.0,11.62820796003321,0.5,Galvanizado,un,960.0,9600.0,Lista: Caja Difusora Esp. (Pieza Esp.),
1691,272,2,Caja Difusora Esp.,4.0,2.0218722190984115,0.5,Galvanizado,un,960.0,3840.0,Lista: Caja Difusora Esp. (Pieza Esp.),
1692,272,3,Caja Difusora Esp.,2.0,0.8045361095492058,0.5,Galvanizado,un,960.0,1920.0,Lista: Caja Difusora Esp. (Pieza Esp.),
1693,272,4,Caja Difusora Esp.,5.0,4.116642035114683,0.5,Galvanizado,un,960.0,4800.0,Lista: Caja Difusora Esp. (Pieza Esp.),
1701,276,1,Codo,1.0,3.0347855999999998,0.5,Galvanizado,kg,160.0,485.56569599999995,Lista: Codo (Galv),Dim: A:40cm B:20cm R:10cm | Ang: 90° | Unión: Balleta / TDF | Simetría: Asimétrica
1702,276,2,Transformación,1.0,2.3,0.5,Galvanizado,kg,160.0,368.0,Lista: Transformación (Galv),Dim: A:40cm B:20cm C:20cm D:20cm H:50cm | Unión: Balleta / Balleta | Simetría: Superior Parejo
1703,276,3,Ducto Recto,1.0,3.6799999999999997,0.5,Galvanizado,kg,160.0,588.8,Lista: Ducto Recto (Galv),Dim: A:20cm B:20cm H:100cm | Unión: Balleta / Balleta
1704,276,4,Ducto Recto,2.0,5.52,0.5,Galvanizado,kg,160.0,883.1999999999999,Lista: Ducto Recto (Galv),Dim: A:15cm B:15cm H:100cm | Unión: Balleta / Balleta
1705,276,5,Transformación,1.0,1.6099999999999999,0.5,Galvanizado,kg,160.0,257.59999999999997,Lista: Transformación (Galv),Dim: A:20cm B:20cm C:15cm D:15cm H:50cm | Unión: Balleta / Balleta | Simetría: Superior Parejo
1706,276,6,Tapa,1.0,0.1035,0.5,Galvanizado,kg,160.0,16.56,Lista: Tapa (Galv),Dim: A:15cm B:15cm | Unión: Embutido / Embutido
1707,276,7,Ducto Recto,5.0,16.099999999999998,0.5,Galvanizado,kg,160.0,2575.9999999999995,Lista: Ducto Recto (Galv),Dim: A:20cm B:15cm H:100cm | Unión: Balleta / Balleta
1708,276,8,Transformación,1.0,1.38,0.5,Galvanizado,kg,160.0,220.79999999999998,Lista: Transformación (Galv),Dim: A:20cm B:15cm C:15cm D:10cm H:50cm | Unión: Balleta / Balleta | Simetría: Superior Parejo
1709,276,9,Ducto Recto,3.0,6.8999999999999995,0.5,Galvanizado,kg,160.0,1104.0,Lista: Ducto Recto (Galv),Dim: A:15cm B:10cm H:100cm | Unión: Balleta / Balleta
1710,276,10,Codo,1.0,0.8128889999999999,0.5,Galvanizado,kg,160.0,130.06223999999997,Lista: Codo (Galv),Dim: A:15cm B:10cm R:10cm | Ang: 90° | Unión: Balleta / Balleta | Simetría: Asimétrica
1711,276,11,Ducto Recto,2.0,4.6,0.5,Galvanizado,kg,160.0,736.0,Lista: Ducto Recto (Galv),Dim: A:15cm B:10cm H:100cm | Unión: Balleta / Balleta
1712,276,12,Tapa,1.0,0.06899999999999999,0.5,Galvanizado,kg,160.0,11.04,Lista: Tapa (Galv),Dim: A:15cm B:10cm | Unión: Embutido / Embutido
1713,277,1,Ducto Cilíndrico,1.0,3.3816182399999994,0.5,Galvanizado,-,0.0,0.0,Manual,Dim: H:90cm Ø:26cm | Unión: Copla Rodón / Liso
1715,279,1,Pleno,1.0,,0.5,Galvanizado,un,12000.0,12000.0,Lista: Pleno (Pieza Esp.),
1716,279,2,Ducto Recto,1.0,1.30896,0.5,Galvanizado,kg,160.0,209.43359999999998,Lista: Ducto Recto (Galv),
1717,279,3,Ducto Recto,1.0,0.7144,0.5,Galvanizado,kg,160.0,114.304,Lista: Ducto Recto (Galv),
1718,280,1,Transformación,1.0,,0.5,Galvanizado,kg,160.0,,Lista: Transformación (Galv),
1719,280,2,Transformación,1.0,1.3086719999999998,0.6,Galvanizado,kg,160.0,209.38751999999997,Lista: Transformación (Galv),
1720,280,3,Ducto Recto,1.0,1.1710079999999998,0.6,Galvanizado,kg,160.0,187.36127999999997,Lista: Ducto Recto (Galv),
1721,280,4,Ducto Recto,1.0,1.1710079999999998,0.6,Galvanizado,kg,160.0,187.36127999999997,Lista: Ducto Recto (Galv),
1722,280,5,S,1.0,1.1710079999999998,0.6,Galvanizado,kg,160.0,187.36127999999997,Lista: S (Galv),
1723,281,1,Zapato c/ Templador,2.0,1.656,0.5,Galvanizado,un,1320.0,2640.0,Lista: Zapato c/ Templador (Pieza Esp.),Dim: A:30cm B:15cm H:20cm | Unión: Balleta / Balleta
1724,281,2,Tapa,4.0,0.828,0.5,Galvanizado,kg,160.0,132.48,Lista: Tapa (Galv),Dim: A:30cm B:15cm | Unión: Balleta / Balleta
1725,281,3,Ducto Recto,4.0,11.04,0.5,Galvanizado,kg,160.0,1766.3999999999999,Lista: Ducto Recto (Galv),Dim: A:30cm B:30cm H:50cm | Unión: Balleta / Balleta
1726,281,4,Transformación,1.0,4.254999999999999,0.5,Galvanizado,kg,160.0,680.7999999999998,Lista: Transformación (Galv),Dim: A:115cm B:20cm C:30cm D:20cm H:50cm | Unión: Balleta / Balleta | Simetría: Simétrica - Sup. Pareja
1727,281,5,Transformación,1.0,2.1849999999999996,0.5,Galvanizado,kg,160.0,349.5999999999999,Lista: Transformación (Galv),Dim: A:30cm B:20cm C:30cm D:15cm H:50cm | Unión: Balleta / Balleta | Simetría: Simétrica - Sup. Pareja
1728,281,6,Ducto Recto,3.0,13.799999999999999,0.5,Galvanizado,kg,160.0,2208.0,Lista: Ducto Recto (Galv),Dim: A:30cm B:20cm H:100cm | Unión: Balleta / Balleta
1729,281,7,Ducto Recto,11.0,55.66,0.5,Galvanizado,kg,160.0,8905.599999999999,Lista: Ducto Recto (Galv),Dim: A:30cm B:25cm H:100cm | Unión: Balleta / Balleta
1730,281,8,Codo,2.0,3.901867199999999,0.5,Galvanizado,kg,160.0,624.2987519999998,Lista: Codo (Galv),Dim: A:30cm B:15cm R:10cm | Ang: 90° | Unión: Balleta / Balleta | Simetría: Simétrico
1731,281,9,Transformación,1.0,2.76,0.5,Galvanizado,kg,160.0,441.59999999999997,Lista: Transformación (Galv),Dim: A:30 cm B:15cm C:60cm D:15cm H:50cm | Unión: Balleta / Balleta | Simetría: Simétrica - Sup. Pareja
1732,281,10,Unión c/ Lona,1.0,2.4839999999999995,0.5,Galvanizado,un,2340.0,2340.0,Lista: Unión c/ Lona (Pieza Esp.),Dim: A:115cm B:20cm H:20cm | Unión: Balleta / Liso
1733,281,11,Ducto Recto,1.0,3.2199999999999998,0.5,Galvanizado,kg,160.0,515.1999999999999,Lista: Ducto Recto (Galv),Dim: A:40cm B:30cm H:50cm | Unión: Balleta / Balleta
1734,281,12,Pleno,1.0,8.509999999999998,0.5,Galvanizado,un,12000.0,12000.0,Lista: Pleno (Pieza Esp.),Dim: A:115cm B:20cm H:60cm | Unión: Liso / Tapa ciega
1735,282,1,Ducto Cilíndrico,15.0,3.121493759999999,0.5,Galvanizado,-,0.0,0.0,Manual,Dim: H:12cm Ø:12cm | Unión: Copla Rodón / Embutido
1736,282,2,Curva con Casquete,2.0,0.0,0.5,Galvanizado,un,1080.0,2160.0,Lista: Curva con Casquete (Pieza Esp.),Dim: Ø:12cm | Ang: 90° | Casq: 2 | Unión: Copla Rodón / Embutido
1737,282,3,Curva con Casquete,4.0,0.0,0.5,Galvanizado,un,1080.0,4320.0,Lista: Curva con Casquete (Pieza Esp.),Dim: Ø:12cm | Ang: 45° | Casq: 4 | Unión: Copla Rodón / Embutido
1738,282,4,Cono,2.0,5.2024896,0.5,Galvanizado,kg,160.0,832.398336,Lista: Cono (Galv),Dim: H:50cm Ø1:60 Ø2:12cm | Unión: Copla Rodón / Embutido
1739,282,5,Unión c/ Lona,4.0,4.4159999999999995,0.5,Galvanizado,un,2340.0,9360.0,Lista: Unión c/ Lona (Pieza Esp.),Dim: A:12cm B:12cm H:50cm | Unión: Copla Rodón / Embutido
1746,285,1,Plancha Lisa,9.0,20.0,0.5,Galvanizado,-,0.0,0.0,Manual,Dim: A:40cm B:1000cm
1747,285,2,Plancha Lisa,9.0,26.0,0.5,Galvanizado,-,0.0,0.0,Manual,Dim: A:30cm B:1000cm
1753,288,1,Transformación,1.0,4.391920000000001,0.5,Galvanizado,kg,160.0,702.7072000000001,Lista: Transformación (Galv),
1754,288,2,Unión c/ Lona,1.0,1.77836,0.5,Galvanizado,un,2340.0,2340.0,Lista: Unión c/ Lona (Pieza Esp.),
1758,290,1,Ducto Cilindrico,15.0,57.868667764616276,0.5,Galvanizado,kg,216.0,12499.632237157115,Lista: Ducto Cilindrico (Galv),
1759,290,2,Codo,3.0,0.2662311278358134,0.5,Galvanizado,kg,160.0,42.59698045373014,Lista: Codo (Galv),
1760,290,3,Medio Codo,4.0,0.35497483711441785,0.5,Galvanizado,kg,160.0,56.79597393830686,Lista: Medio Codo (Galv),
1761,290,4,Balletas,1.0,46.0,0.5,Galvanizado,kg,160.0,7360.0,,
1762,291,1,Ducto Recto,1.0,7.038,0.5,Galvanizado,kg,160.0,1126.08,Lista: Ducto Recto (Galv),Dim: A:55cm B:30cm H:90cm | Unión: TDF / TDF
1763,291,2,Ducto Recto,2.0,4.5447999999999995,0.5,Galvanizado,kg,160.0,727.1679999999999,Lista: Ducto Recto (Galv),Dim: A:65cm B:30cm H:26cm | Unión: TDF / TDF
1764,291,3,Ducto Recto,2.0,2.8703999999999996,0.5,Galvanizado,kg,160.0,459.26399999999995,Lista: Ducto Recto (Galv),Dim: A:30cm B:30cm H:26cm | Unión: TDF / TDF
1765,291,4,Ducto Recto,2.0,3.8272,0.5,Galvanizado,kg,160.0,612.352,Lista: Ducto Recto (Galv),Dim: A:50cm B:30cm H:26cm | Unión: TDF / TDF
1766,291,5,Unión c/ Lona,1.0,1.4720000000000002,0.5,Galvanizado,un,2340.0,2340.0,Lista: Unión c/ Lona (Pieza Esp.),Dim: A:50cm B:30cm H:20cm | Unión: TDF / Escuadra
1767,291,6,Unión c/ Lona,1.0,1.3800000000000001,0.5,Galvanizado,un,2340.0,2340.0,Lista: Unión c/ Lona (Pieza Esp.),Dim: A:50cm B:25cm H:20cm | Unión: TDF / Escuadra
1768,291,7,Unión c/ Lona,1.0,1.1039999999999999,0.5,Galvanizado,un,2340.0,2340.0,Lista: Unión c/ Lona (Pieza Esp.),Dim: A:30cm B:30cm H:20cm | Unión: TDF / Escuadra
1769,291,8,Unión c/ Lona,2.0,3.4959999999999996,0.5,Galvanizado,un,2340.0,4680.0,Lista: Unión c/ Lona (Pieza Esp.),Dim: A:65cm B:30cm H:20cm | Unión: TDF / Escuadra
1770,291,9,Transformación,1.0,1.4260000000000002,0.5,Galvanizado,kg,160.0,228.16000000000003,Lista: Transformación (Galv),Dim: A:60cm B:20cm C:50cm D:25cm H:20cm | Unión: TDF / TDF | Simetría: Simétrica - Inf. Pareja
1771,292,1,Codo,4.0,6.638148968809258,0.5,Galvanizado,kg,160.0,1062.1038350094814,Lista: Codo (Galv),
1772,292,2,Zapato s/ Templador,2.0,2.4420501002474104,0.5,Galvanizado,un,1320.0,2640.0,Lista: Zapato s/ Templador (Pieza Esp.),
1773,292,3,Ducto Recto,7.0,23.790480000000002,0.5,Galvanizado,kg,160.0,3806.4768000000004,Lista: Ducto Recto (Galv),
1774,293,1,Caja Difusora,6.0,12.91956,0.5,Galvanizado,un,960.0,5760.0,Lista: Caja Difusora (Pieza Esp.),Dim: A:31cm B:31cm H:30cm Ø:0cm | Unión: Liso / Tapa ciega
1775,293,2,Collarín,6.0,2.1677039999999996,0.5,Galvanizado,un,504.0,3024.0,Lista: Collarín (Pieza Esp.),Dim: H:10cm Ø:25cm | Unión: Liso / Liso
